Date,Price,Open,High,Low,Vol.,Change %
12/30/2022,82.79,85,86.4,81.6,36.00K,-2.02%
12/29/2022,84.5,86.5,87.88,83,37.00K,-2.10%
12/28/2022,86.31,90.5,90.64,86.1,57.00K,-3.89%
12/27/2022,89.8,89.9,92.5,88.05,139.00K,1.99%
12/26/2022,88.05,83.5,88.05,83.5,119.50K,6.73%
12/23/2022,82.5,83,85.1,81,36.00K,-0.60%
12/22/2022,83,80,83.97,80,32.00K,3.26%
12/21/2022,80.38,80.65,82.4,79.2,30.50K,0.45%
12/20/2022,80.02,84.15,84.15,80,86.00K,-6.08%
12/19/2022,85.2,88,88,84.05,50.50K,-2.63%
12/16/2022,87.5,90,90,87,43.00K,-0.11%
12/15/2022,87.6,90.99,91.9,85.25,93.00K,-2.67%
12/14/2022,90,88.6,91,87.5,51.00K,1.12%
12/13/2022,89,89.01,90.5,88.8,31.00K,-0.68%
12/12/2022,89.61,90.15,90.9,89.5,65.50K,-2.75%
12/09/2022,92.14,92,93.75,91.5,38.50K,-0.92%
12/08/2022,93,95.39,95.39,92.5,64.00K,-1.06%
12/07/2022,94,93.9,96.8,93.2,125.00K,0.37%
12/06/2022,93.65,89.33,95.5,89.33,163.50K,4.06%
12/05/2022,90,95.11,95.11,88.88,96.50K,-7.11%
12/02/2022,96.89,97.25,100.2,94.32,191.00K,-0.78%
12/01/2022,97.65,101.18,101.18,96.51,604.50K,3.74%
11/30/2022,94.13,87.5,94.13,87.5,97.00K,8.20%
11/29/2022,87,90.5,92,86.6,289.50K,-5.68%
11/28/2022,92.24,99.5,101.75,92.24,635.00K,-7.49%
11/25/2022,99.71,99.7,99.71,99.7,105.00K,7.49%
11/24/2022,92.76,87.48,92.76,87.48,147.00K,7.50%
11/23/2022,86.29,81.99,86.29,81.99,376.50K,7.19%
11/22/2022,80.5,81.95,82.29,80,41.50K,0.00%
11/21/2022,80.5,77.7,82.5,77.7,76.50K,1.27%
11/18/2022,79.49,78.5,79.49,78.2,34.50K,-0.33%
11/17/2022,79.75,81.15,81.99,79.5,49.00K,-2.15%
11/16/2022,81.5,86,86.8,81.5,171.50K,-3.64%
11/15/2022,84.58,78.08,84.58,78,138.50K,7.08%
11/14/2022,78.99,80,80,78,24.50K,-0.89%
11/11/2022,79.7,81,81.49,78.98,36.00K,-0.85%
11/10/2022,80.38,77.99,83,77.25,101.00K,4.16%
11/08/2022,77.17,81.55,82.89,75.25,82.00K,-5.37%
11/07/2022,81.55,82,83.5,81,20.50K,-0.55%
11/04/2022,82,81.05,83.5,81,44.50K,-1.23%
11/03/2022,83.02,87.49,87.99,82,125.50K,-1.27%
11/02/2022,84.09,79.45,84.09,78.75,92.00K,7.95%
11/01/2022,77.9,77.99,79.8,77.5,92.50K,2.46%
10/31/2022,76.03,77,77.95,76.03,13.50K,0.44%
10/28/2022,75.7,77,77.75,75.7,19.00K,-2.95%
10/27/2022,78,80.4,81,76.55,45.50K,-1.27%
10/26/2022,79,83,83,78.99,31.50K,-5.50%
10/25/2022,83.6,84.61,86,83.5,25.00K,-1.65%
10/24/2022,85,87.77,87.79,84.6,31.50K,-0.58%
10/21/2022,85.5,86.11,87.5,83.11,47.50K,-0.70%
10/20/2022,86.1,86.5,89,86.1,41.00K,-0.46%
10/19/2022,86.5,86.59,87.1,86.5,9.50K,-0.57%
10/18/2022,87,87.25,87.25,86.5,14.50K,0.46%
10/17/2022,86.6,87.51,87.68,86,23.00K,-1.31%
10/14/2022,87.75,88.35,90.5,87.7,69.00K,0.10%
10/13/2022,87.66,90.98,90.98,87.6,40.00K,-3.56%
10/12/2022,90.9,89.07,91,88.81,29.50K,1.00%
10/11/2022,90,91.5,91.5,89,20.00K,-1.53%
10/10/2022,91.4,92.8,92.8,89.55,12.50K,0.99%
10/07/2022,90.5,91.8,93.5,88.5,37.50K,-0.33%
10/06/2022,90.8,87.01,92.49,87,135.50K,3.94%
10/05/2022,87.36,87,88.73,86.26,18.50K,-0.73%
10/04/2022,88,88.5,89.35,87.8,21.00K,1.14%
10/03/2022,87.01,87.7,89.3,87.01,22.00K,-0.56%
09/30/2022,87.5,89,89.49,87.2,19.50K,-0.58%
09/29/2022,88.01,90.9,90.9,88.01,11.50K,-2.38%
09/28/2022,90.16,94,94,90.15,82.00K,-3.05%
09/27/2022,93,92.3,96.05,92.1,189.50K,2.52%
09/26/2022,90.71,85,90.71,85,119.50K,6.86%
09/23/2022,84.89,83,85.37,82,69.50K,3.52%
09/22/2022,82,81.5,82,80,37.00K,-0.44%
09/21/2022,82.36,83.1,83.69,82.11,33.50K,-1.96%
09/20/2022,84.01,85.52,86,83.51,36.50K,-3.10%
09/19/2022,86.7,87.81,88.51,86.05,20.00K,-0.93%
09/16/2022,87.51,89.2,89.2,87.51,42.50K,-2.71%
09/15/2022,89.95,90.85,91.29,89.53,38.00K,-0.22%
09/14/2022,90.15,89.55,90.61,89,51.00K,0.66%
09/13/2022,89.56,91.2,91.8,89.5,39.00K,-1.53%
09/12/2022,90.95,91.15,92.9,90,35.50K,-0.93%
09/09/2022,91.8,89.25,93.85,89.22,49.50K,0.49%
09/08/2022,91.35,93.5,94.54,90.56,36.00K,-2.11%
09/07/2022,93.32,93.55,95.5,93.32,31.00K,-0.46%
09/06/2022,93.75,92.6,94.25,92.6,53.50K,-1.53%
09/05/2022,95.21,98.15,98.15,95.15,35.50K,-2.84%
09/02/2022,97.99,99.5,99.5,97.52,59.00K,-0.91%
09/01/2022,98.89,100.99,101.4,98.51,94.00K,-0.62%
08/31/2022,99.51,100.8,102,99.51,93.50K,-0.99%
08/30/2022,100.5,100,103.45,99.1,296.50K,1.62%
08/29/2022,98.9,99.01,99.5,96.61,73.50K,-1.09%
08/26/2022,99.99,99.9,100.89,99,178.00K,0.98%
08/25/2022,99.02,101.5,101.5,99,158.50K,-2.25%
08/24/2022,101.3,103,103.2,100.5,102.00K,-1.79%
08/23/2022,103.15,104.4,104.99,102.05,96.50K,0.36%
08/22/2022,102.78,102.75,103.25,102,42.00K,-1.56%
08/19/2022,104.41,102.84,107.25,102.5,533.50K,3.12%
08/18/2022,101.25,101.02,105.14,100.5,302.50K,1.25%
08/17/2022,100,101.21,103,99.8,108.00K,-0.98%
08/16/2022,100.99,109.1,109.5,100.77,442.50K,-7.05%
08/15/2022,108.65,109.95,112.5,108.5,302.00K,-0.29%
08/12/2022,108.97,109.28,110.75,108.21,152.00K,-0.03%
08/11/2022,109,113.29,114.8,108.5,156.00K,-3.33%
08/10/2022,112.75,114.5,116,112.5,297.00K,-0.22%
08/05/2022,113,112.65,115.5,110.2,222.50K,0.00%
08/04/2022,113,113.56,116.75,111.05,187.50K,-0.62%
08/03/2022,113.7,109.74,116.21,108.3,488.50K,5.22%
08/02/2022,108.06,107.5,112.2,104.5,357.50K,-0.23%
08/01/2022,108.31,113,114.2,108.31,134.50K,-5.58%
07/29/2022,114.71,120.99,123.39,113.35,513.50K,-2.51%
07/28/2022,117.66,112.99,117.66,112.99,134.00K,7.49%
07/27/2022,109.46,103,109.46,103,334.00K,8.02%
07/26/2022,101.33,99.9,104.41,98.5,203.50K,0.35%
07/25/2022,100.98,100,101.5,99.1,72.50K,-0.36%
07/22/2022,101.34,100.25,103.7,99.1,139.00K,0.34%
07/21/2022,101,102.1,103.89,98,160.00K,-2.42%
07/20/2022,103.5,103.1,104.98,98.1,321.50K,1.75%
07/19/2022,101.72,111.5,114.9,101.72,429.00K,-7.23%
07/18/2022,109.65,115.01,116.39,109.37,453.50K,-7.26%
07/15/2022,118.23,115.45,122.5,112,680.50K,2.99%
07/14/2022,114.8,118.89,120.8,113.91,770.00K,0.06%
07/13/2022,114.73,110.6,114.73,110,220.00K,7.50%
07/07/2022,106.73,100.99,106.73,100.99,589.00K,7.49%
07/06/2022,99.29,91.5,99.29,88.66,307.00K,8.87%
07/05/2022,91.2,101.98,102,91.17,640.00K,-7.47%
07/04/2022,98.56,98.56,98.56,98.56,45.50K,7.49%
07/01/2022,91.69,91.69,91.69,91.69,26.50K,7.49%
06/30/2022,85.3,79.36,85.3,79.36,269.40K,7.96%
06/29/2022,79.01,78.95,80.09,77,38.60K,-0.85%
06/28/2022,79.69,81.99,81.99,78.06,65.10K,-1.50%
06/27/2022,80.9,79,80.9,79,35.00K,1.40%
06/24/2022,79.78,82,85.9,77.11,211.70K,-3.18%
06/23/2022,82.4,86.84,87.25,81.52,299.00K,-1.92%
06/22/2022,84.01,91,91.25,84.01,183.90K,-5.29%
06/21/2022,88.7,89,91,86,586.90K,3.66%
06/20/2022,85.57,83.99,85.57,83.99,109.00K,7.50%
06/17/2022,79.6,74.45,79.6,74.45,192.60K,7.55%
06/16/2022,74.01,74,75.44,73.01,66.90K,-1.12%
06/15/2022,74.85,74.7,75.38,74.59,51.80K,-0.07%
06/14/2022,74.9,72,74.9,71.74,58.00K,5.33%
06/13/2022,71.11,73.5,73.5,71.11,15.00K,-4.01%
06/10/2022,74.08,73,74.5,72.51,19.40K,1.69%
06/09/2022,72.85,72.3,73.98,72.12,25.00K,0.28%
06/08/2022,72.65,74.02,75,72,76.80K,-1.82%
06/07/2022,74,77.5,79,74,99.60K,-3.29%
06/06/2022,76.52,75.5,79.25,75.11,97.20K,2.45%
06/03/2022,74.69,75,75.15,73.1,215.10K,-1.68%
06/02/2022,75.97,74,75.97,73.25,134.70K,1.97%
06/01/2022,74.5,74.8,77.38,71.05,152.20K,-0.67%
05/31/2022,75,77,77.06,74.5,20.40K,-2.02%
05/30/2022,76.55,83,83.94,76,105.10K,-6.61%
05/27/2022,81.97,82.05,86.2,81.25,110.10K,-0.64%
05/26/2022,82.5,79.99,84.8,78.8,108.90K,3.77%
05/25/2022,79.5,77,81,76.2,46.40K,2.58%
05/24/2022,77.5,73,78.2,73,181.20K,6.16%
05/23/2022,73,78,78,73,75.70K,-7.38%
05/20/2022,78.82,79.5,80,78,39.50K,-0.04%
05/19/2022,78.85,75.48,80.5,75.48,332.00K,3.82%
05/18/2022,75.95,73.8,78.25,73.02,66.50K,5.05%
05/17/2022,72.3,72,76,71.1,74.70K,1.12%
05/16/2022,71.5,72.11,73.85,71.25,19.10K,-3.38%
05/13/2022,74,74,76.45,72,59.40K,-1.33%
05/12/2022,75,77,77,72,36.90K,-2.94%
05/11/2022,77.27,83,83,77.27,29.60K,-6.51%
05/10/2022,82.65,82.61,85.5,80.55,31.20K,-2.65%
05/09/2022,84.9,89,89,84,14.30K,-6.19%
05/06/2022,90.5,90.1,93.9,89.5,22.80K,-0.44%
04/28/2022,90.9,94.11,94.11,87.98,45.50K,-4.39%
04/27/2022,95.07,95.02,96.85,95,26.20K,-1.48%
04/26/2022,96.5,100.01,100.01,95,43.40K,-2.52%
04/25/2022,98.99,102.8,103,98.99,143.80K,-0.51%
04/22/2022,99.5,102.09,107,99,78.50K,-2.46%
04/21/2022,102.01,108,109,102,59.40K,-6.02%
04/20/2022,108.55,110,111.77,108.11,29.40K,0.51%
04/19/2022,108,106.89,113,106,169.30K,2.37%
04/18/2022,105.5,109.6,109.8,104,42.40K,-3.47%
04/15/2022,109.29,117.1,118,108.22,210.00K,-6.59%
04/14/2022,117,122.8,122.8,115.89,148.80K,-2.50%
04/13/2022,120,118,127.17,116.03,605.70K,1.27%
04/12/2022,118.5,115.01,120.45,115,104.00K,0.06%
04/11/2022,118.43,131,132,118.43,537.30K,-7.50%
04/08/2022,128.03,138.4,138.5,128.03,35.20K,-7.49%
04/07/2022,138.39,148,148,138.39,21.10K,-6.52%
04/06/2022,148.05,149,150,148.05,1.90K,-0.30%
04/05/2022,148.5,148,153,148,2.60K,0.34%
04/04/2022,148,153.5,154,145,1.30K,-3.95%
04/01/2022,154.08,156,159.9,154,9.80K,-1.23%
03/31/2022,156,160,160,156,9.00K,-2.50%
03/30/2022,160,163,163,160,1.60K,-3.03%
03/29/2022,165,168,170,162,6.90K,1.23%
03/28/2022,163,169,169,163,3.20K,-2.98%
03/25/2022,168,168,168,168,0.20K,0.60%
03/24/2022,167,163,171,163,1.90K,-1.76%
03/22/2022,170,181,181,170,2.60K,-6.08%
03/21/2022,181,181.1,181.1,181,1.40K,0.00%
03/18/2022,181,187.89,193.5,181,2.00K,-5.24%
03/17/2022,191,190,193.5,190,0.30K,0.53%
03/16/2022,190,189.9,193.9,186,2.10K,0.00%
03/15/2022,190,190,190,190,0.10K,4.25%
03/14/2022,182.25,196,198,182.25,1.70K,-6.06%
03/11/2022,194,186,194,186,0.70K,-2.02%
03/10/2022,198,200,200,190,0.40K,-0.98%
03/09/2022,199.95,199.95,199.95,199.95,0.10K,-0.03%
03/08/2022,200,200,200,200,0.20K,0.35%
03/07/2022,199.3,200.05,200.05,199.3,0.50K,-7.41%
03/04/2022,215.24,220.2,220.2,215.24,5.10K,-8.00%
03/03/2022,233.95,234.99,234.99,220.01,1.70K,-0.45%
03/02/2022,235,235,235,235,0.30K,1.73%
03/01/2022,231,234,234,229,0.60K,-7.23%
02/25/2022,249,249,249,249,0.10K,6.41%
02/24/2022,234,235.12,235.12,234,0.40K,-6.38%
02/23/2022,249.95,249.95,249.95,249.95,0.10K,-1.97%
02/18/2022,254.98,259,267.99,250,2.70K,-1.89%
02/17/2022,259.9,274.9,274.9,246.01,2.60K,-0.61%
02/16/2022,261.5,265,265,261,1.00K,-3.15%
02/15/2022,270.01,260.05,270.01,260.05,0.30K,-1.81%
02/14/2022,275,274.9,275,271.01,0.70K,-0.01%
02/10/2022,275.03,279.95,279.99,275.03,0.80K,-1.78%
02/08/2022,280,280.03,280.03,280,0.70K,-0.09%
02/07/2022,280.25,280.25,280,280,0.10K,-0.62%
02/03/2022,282,279,286,279,1.70K,1.44%
02/02/2022,278.01,290,290,279.03,0.30K,-1.80%
01/28/2022,283.1,298.99,298.99,280,1.20K,-4.02%
01/26/2022,294.95,290,294.95,290,0.20K,-1.32%
01/25/2022,298.9,283,298.9,283,0.30K,-0.37%
01/21/2022,300,300,300,300,0.10K,3.45%
01/20/2022,290,289.95,290,289.95,1.20K,-0.09%
01/19/2022,290.25,290.5,290.5,290.25,0.30K,-3.25%
01/18/2022,300,303,304.5,299,3.70K,-0.99%
01/17/2022,303,305,305,303,0.60K,-2.26%
01/13/2022,310,314.98,314.99,309.9,2.80K,2.65%
01/12/2022,302,319.5,319.5,300,6.40K,-4.16%
01/11/2022,315.1,310,327.89,310,1.40K,-3.90%
01/10/2022,327.89,320,327.89,320,3.00K,1.51%
01/06/2022,323,305.2,323,305.2,1.30K,3.86%
01/05/2022,311,300.01,315,300.01,1.80K,-1.27%
01/04/2022,315,315,315,315,0.20K,1.54%
01/03/2022,310.21,310.21,310.21,310.21,0.10K,1.31%
12/31/2021,306.21,306.21,306.21,306.21,0.20K,-1.22%
12/30/2021,310,310,310,310,0.30K,-1.59%
12/29/2021,315,315,315,315,0.20K,0.00%
12/28/2021,315,315,315,315,0.10K,-1.56%
12/23/2021,320,320,320,320,0.50K,-3.03%
12/21/2021,330,330,330,330,0.70K,-0.90%
12/20/2021,333,333,333,333,0.10K,-0.60%
12/17/2021,335,335,338,334.95,0.80K,-1.47%
12/10/2021,340,330,344.85,330,1.10K,-1.42%
12/07/2021,344.9,330,344.9,330,0.90K,4.52%
12/06/2021,330,330,330,330,1.00K,-0.32%
12/03/2021,331.05,331.05,331.05,331.05,0.10K,-4.18%
12/02/2021,345.5,359.99,370,345.1,1.70K,-6.62%
12/01/2021,370,370,370,370,0.20K,0.00%
11/30/2021,370,374.99,374.99,369.9,0.70K,-1.06%
11/29/2021,373.98,377,389.49,370,11.20K,-1.58%
11/26/2021,379.98,370,390.01,370,11.90K,1.33%
11/25/2021,375,370,394.99,361,10.70K,-3.83%
11/23/2021,389.95,379.5,389.95,370,1.90K,2.35%
11/18/2021,381,385,385,381,0.40K,-2.31%
11/17/2021,390,385,390,385,1.00K,2.09%
11/16/2021,382,382,382,382,0.10K,-0.78%
11/15/2021,385,385,385,385,0.10K,-1.28%
11/12/2021,390,385,390,385,1.10K,-1.01%
11/10/2021,393.99,392.96,393.99,389.65,0.50K,0.51%
11/09/2021,392,390,394,380,0.70K,-0.76%
11/08/2021,395,385,395,385,2.70K,0.77%
11/03/2021,391.99,391.99,391.99,391.99,0.10K,1.03%
11/02/2021,388,371.02,388.88,371,1.20K,2.11%
11/01/2021,380,380,380,380,0.10K,-1.55%
10/29/2021,386,368.03,388.48,368,1.30K,-2.27%
10/22/2021,394.96,366.36,394.96,366.36,0.20K,5.32%
10/21/2021,375,375,375,375,0.10K,-2.60%
10/15/2021,385,375,390,360.2,0.90K,2.67%
10/14/2021,375,375,375,375,0.20K,2.74%
10/13/2021,365,340.01,365.9,340.01,3.80K,7.32%
10/12/2021,340.1,359.99,365,336,0.70K,-5.66%
10/11/2021,360.52,378,378,360.52,4.30K,-6.36%
10/05/2021,385,368,398,368,2.70K,0.79%
10/04/2021,382,377,383.16,373,2.90K,-5.45%
10/01/2021,404,400,404,395,1.70K,1.25%
09/30/2021,399,389,400,386,3.20K,6.40%
09/29/2021,375,375,375,375,0.10K,-2.60%
09/28/2021,385,385,385,385,0.10K,-1.28%
09/27/2021,390,390.02,397,390,0.50K,-2.74%
09/24/2021,400.97,371,400.97,371,8.10K,7.50%
09/20/2021,373,365,374,350,0.60K,-0.53%
09/17/2021,375,375,375,375,0.20K,0.27%
09/14/2021,374,376.1,383,374,2.10K,-3.23%
09/13/2021,386.5,382.01,386.5,380,1.50K,1.44%
09/10/2021,381.01,380.02,382,380.02,0.50K,-2.31%
09/09/2021,390,390,390,390,0.20K,0.00%
09/07/2021,390,390,401,390,2.90K,-1.02%
09/06/2021,394,398.53,403.99,390.06,0.60K,-3.67%
09/03/2021,409,409,409,409,0.10K,2.25%
09/02/2021,400,400,400,400,0.10K,-1.48%
09/01/2021,406,406,406,406,0.10K,-0.49%
08/31/2021,408,405,408,402.1,0.60K,-0.36%
08/30/2021,409.49,400.01,409.49,400,0.60K,1.86%
08/27/2021,402,401.02,403,401.02,1.20K,-0.83%
08/26/2021,405.36,416.98,416.98,404.02,0.40K,-0.65%
08/25/2021,408,410,410,407.02,0.60K,-2.86%
08/24/2021,420,400.02,420,400.01,7.30K,3.96%
08/23/2021,404,403,404.2,402,0.90K,1.46%
08/20/2021,398.17,402,402,398.17,1.30K,-0.46%
08/16/2021,400,400.01,401,397,0.40K,-0.52%
08/13/2021,402.1,409.9,409.9,402.1,0.90K,-0.25%
08/12/2021,403.1,403.01,403.1,403.01,0.40K,-0.47%
08/11/2021,405.01,410,410,405.01,0.80K,0.00%
08/10/2021,405,405,405,405,0.10K,0.00%
08/09/2021,405,406.1,410,401,4.10K,-3.80%
08/06/2021,421,402,422,396,7.70K,5.25%
08/05/2021,400,400,407.99,400,2.90K,-1.01%
08/04/2021,404.1,402.06,404.1,402.06,0.70K,-1.44%
08/03/2021,410,408,415,400.01,7.00K,1.74%
08/02/2021,403,401,407,401,0.80K,0.75%
07/30/2021,400.01,402.1,402.1,400.01,0.50K,-0.77%
07/29/2021,403.12,402.01,410,402,1.50K,-2.22%
07/28/2021,412.26,417,418,412.26,1.20K,-2.19%
07/27/2021,421.5,421.98,425,408,10.50K,1.81%
07/26/2021,414,418,420,418,0.90K,-1.66%
07/23/2021,421,401.57,422,400,2.70K,3.41%
07/19/2021,407.11,406,413.6,406,1.20K,0.00%
07/16/2021,407.1,416.98,418.97,402,2.50K,-2.14%
07/15/2021,416.02,407,422.22,390.2,15.00K,3.70%
07/14/2021,401.18,409.99,413.99,401.18,3.40K,-1.22%
07/13/2021,406.15,410,419.5,400,4.30K,-2.13%
07/12/2021,415.01,415,422.93,413,5.40K,-2.12%
07/09/2021,424,401.03,425,386.17,32.80K,3.38%
07/08/2021,410.13,370,410.13,366,34.50K,5.70%
07/07/2021,388,365,388,360,7.60K,4.86%
07/06/2021,370,346.02,374.44,346,11.50K,4.25%
07/05/2021,354.9,357.5,357.5,354.9,2.50K,2.57%
07/02/2021,346,346,350,345,1.90K,-1.42%
07/01/2021,351,348.99,351,346.94,3.80K,2.29%
06/30/2021,343.15,358,358,343,2.80K,-1.18%
06/29/2021,347.25,370.99,370.99,347.25,4.90K,-7.40%
06/28/2021,375,356,379.28,356,16.30K,6.29%
06/25/2021,352.82,334.98,352.82,330,18.80K,5.33%
06/24/2021,334.97,315.55,334.97,313.5,26.70K,7.50%
06/23/2021,311.6,315.2,316,311.6,2.50K,-0.61%
06/22/2021,313.5,313.98,320,313.1,3.80K,1.94%
06/21/2021,307.52,307.5,319,307.5,1.30K,0.17%
06/18/2021,307,310,315,306.13,1.20K,-2.54%
06/17/2021,315,329.89,329.89,315,5.80K,0.00%
06/16/2021,315,315,316.5,315,5.40K,-0.63%
06/15/2021,317,321,321,315,0.80K,-1.86%
06/14/2021,323,325,325,322,1.50K,-0.31%
06/11/2021,324,334.93,334.93,320.1,1.20K,-1.52%
06/10/2021,328.99,329.99,330,324.1,2.70K,-1.48%
06/09/2021,333.94,319.95,334.75,315,9.60K,5.59%
06/08/2021,316.25,316.25,316.25,316.25,0.10K,-2.68%
06/07/2021,324.95,311,325,311,4.50K,2.19%
06/04/2021,318,306.32,320,306.32,2.30K,-1.82%
06/03/2021,323.9,320,324,318.5,2.90K,-0.34%
06/02/2021,325,318,327,318,3.50K,0.00%
06/01/2021,325,323,327,316,5.90K,2.12%
05/31/2021,318.25,316.95,325,315,5.90K,-0.76%
05/28/2021,320.7,313.88,326,308,7.80K,4.12%
05/27/2021,308,305.2,313.98,305.2,4.00K,0.95%
05/26/2021,305.1,301.51,320,301.51,4.30K,-2.52%
05/25/2021,312.99,300.5,312.99,300,2.10K,3.81%
05/24/2021,301.5,302,302.5,301,1.90K,-1.79%
05/21/2021,307,309.99,310,290.31,0.80K,0.66%
05/19/2021,305,305,305,305,0.10K,-1.61%
05/18/2021,310,305,320,305,2.30K,0.00%
05/17/2021,310,314.99,314.99,310,1.90K,0.00%
05/06/2021,310,310,310,305,1.30K,2.99%
05/05/2021,301,295,310,295,2.10K,1.69%
05/04/2021,296,294,299,292,1.30K,5.33%
04/30/2021,281.01,282.1,283.05,281.01,0.60K,-3.43%
04/29/2021,291,290,291.05,290,0.40K,-4.59%
04/28/2021,305,288,309,288,0.30K,3.39%
04/27/2021,295,291.05,295,291.05,1.00K,-2.32%
04/23/2021,302,302,302,302,0.10K,-3.20%
04/22/2021,311.99,320,320,311.99,0.50K,-2.81%
04/21/2021,321,334.9,334.9,321.15,3.70K,-2.53%
04/20/2021,329.34,309.5,329.34,309,10.70K,7.50%
04/19/2021,306.37,300,306.37,298,8.30K,7.50%
04/16/2021,285,285,285,285,0.10K,-1.38%
04/14/2021,289,289.06,289.06,289,0.30K,0.31%
04/13/2021,288.1,290,293,287.5,4.80K,-0.66%
04/12/2021,290,289,295,288.49,1.50K,0.02%
04/09/2021,289.95,290,290,289.95,0.20K,0.68%
04/08/2021,288,284,288,284,2.60K,-0.69%
04/07/2021,290,279.02,290,278,4.40K,1.75%
04/06/2021,285,280.25,285.9,280.25,1.00K,1.79%
04/05/2021,280,280,280,280,0.60K,-3.78%
04/02/2021,291,294.99,295.1,284.06,4.60K,-3.32%
04/01/2021,301,290.01,303,287,6.60K,0.33%
03/31/2021,300,296,302.95,294.01,5.20K,0.33%
03/30/2021,299,281,299.5,281,6.60K,6.20%
03/29/2021,281.55,290,290,281.55,1.60K,-6.46%
03/26/2021,301,303.5,304,297,3.60K,0.36%
03/25/2021,299.91,297,299.91,295,0.50K,-0.03%
03/24/2021,300,285,302.9,284.45,5.00K,5.63%
03/22/2021,284,275,285,275,1.30K,-1.73%
03/19/2021,289,285,289.95,285,0.80K,2.85%
03/18/2021,281,292.2,292.2,280,4.00K,-5.39%
03/17/2021,297,290,298.75,290,2.50K,3.85%
03/16/2021,286,290.18,291.01,285,1.30K,-3.67%
03/15/2021,296.89,280,296.94,280,7.90K,8.94%
03/12/2021,272.52,260,279.95,260,4.90K,3.34%
03/11/2021,263.72,285,285,263.72,3.10K,-7.50%
03/10/2021,285.1,298.98,298.98,285.1,0.90K,-3.03%
03/09/2021,294,304.3,312.5,294,3.90K,-5.19%
03/08/2021,310.11,320,322.95,310.11,5.70K,-2.63%
03/05/2021,318.5,321,323,317.6,1.30K,1.43%
03/04/2021,314,317.2,334,314,4.20K,-3.68%
03/03/2021,326,329.5,340,312.01,13.40K,1.88%
03/02/2021,320,325.5,325.5,310,5.60K,-3.03%
03/01/2021,330,322.01,330,315.1,5.70K,-2.94%
02/26/2021,340,328.06,345,328,7.60K,-0.75%
02/25/2021,342.57,317,342.57,315,25.70K,5.41%
02/24/2021,325,308.1,328,307.1,6.10K,4.47%
02/23/2021,311.1,314,317,310,6.10K,0.28%
02/22/2021,310.22,324,324,309.1,6.10K,-4.55%
02/19/2021,325,328,330,322.25,2.10K,-1.07%
02/18/2021,328.51,331,334.5,328.51,3.40K,-3.24%
02/17/2021,339.5,321.51,343.99,321.51,11.90K,1.95%
02/16/2021,333,319.5,336,311,14.10K,5.35%
02/15/2021,316.1,324.99,324.99,316,1.60K,-2.74%
02/12/2021,325,318,330,318,4.80K,-1.12%
02/11/2021,328.69,302,328.69,297.5,19.50K,8.12%
02/10/2021,304.01,312,312,304.01,3.90K,-2.40%
02/09/2021,311.5,327.5,327.5,311.02,6.80K,-2.66%
02/08/2021,320,336.5,336.5,320,11.10K,-3.49%
02/04/2021,331.56,336.99,336.99,331.55,7.00K,-1.06%
02/03/2021,335.11,343,350,335,11.70K,-2.05%
02/02/2021,342.11,340,349.99,340,6.70K,0.03%
02/01/2021,342.01,321.52,352.5,321.52,27.30K,-1.60%
01/29/2021,347.58,347.58,347.58,347.58,15.90K,-7.50%
01/28/2021,375.76,375.76,393,375.76,11.50K,-7.50%
01/27/2021,406.22,415,439.15,406.22,10.80K,-6.90%
01/26/2021,436.34,485.01,485.01,436.34,23.60K,-8.91%
01/25/2021,479,442,480,438.12,20.30K,6.44%
01/22/2021,450,440.25,455,440,15.30K,2.25%
01/21/2021,440.11,435,452,432.01,16.20K,-1.10%
01/20/2021,445,432,450,419.25,12.70K,2.30%
01/19/2021,435,416,435,410.02,16.80K,1.40%
01/18/2021,429,420,429.01,417.01,4.00K,0.00%
01/15/2021,429,400,434.81,397.55,29.90K,5.93%
01/14/2021,405,395.11,414,395.11,4.30K,-1.22%
01/13/2021,410,387,412,387,8.90K,6.18%
01/12/2021,386.15,414,414,386.1,2.90K,-0.99%
01/11/2021,390,390,390,390,0.10K,-2.01%
01/08/2021,398,395,398,387,2.80K,0.76%
01/07/2021,395,364,404.8,364,28.00K,4.22%
01/06/2021,378.99,370,378.99,370,0.90K,2.43%
01/05/2021,370,376,376.9,370,1.00K,-1.33%
01/04/2021,375,380,380,355.03,4.70K,0.00%
01/01/2021,375,368,375,356,6.00K,3.31%
12/31/2020,363,351,364,350,2.70K,1.97%
12/30/2020,356,363.48,363.48,350,3.40K,1.71%
12/29/2020,350,348.99,351,330,8.00K,2.94%
12/28/2020,340,340,341.8,330,8.60K,-0.10%
12/24/2020,340.35,348,372.9,340.35,24.60K,-7.50%
12/23/2020,367.94,375.16,380.01,367.94,16.80K,-7.35%
12/22/2020,397.12,420,420,397.12,15.50K,-8.92%
12/21/2020,436,442.5,442.5,416.01,9.50K,-1.80%
12/18/2020,444,417,444.9,416.03,22.20K,2.07%
12/17/2020,435,436,437.89,400,26.50K,6.79%
12/16/2020,407.34,399,407.34,399,28.50K,7.50%
12/15/2020,378.93,360.06,378.93,356,19.40K,7.50%
12/14/2020,352.5,342,352.5,339,31.60K,7.50%
12/11/2020,327.91,305,327.91,301.02,29.40K,5.38%
12/10/2020,311.18,286.02,311.18,283.5,66.10K,6.43%
12/09/2020,292.38,292,293,280,20.50K,4.42%
12/08/2020,280,296.56,298,280,23.70K,-9.09%
12/07/2020,307.99,278,310,269,71.60K,7.31%
12/04/2020,287,272,292.6,270,26.50K,4.36%
12/03/2020,275,261.02,278.89,260,25.60K,4.17%
12/02/2020,264,256,271.9,256,13.50K,-1.86%
12/01/2020,269,272.98,274,265,6.80K,-1.91%
11/30/2020,274.25,275.01,295,262,13.30K,-2.48%
11/27/2020,281.21,285,298,276.15,13.20K,-5.63%
11/26/2020,298,314.68,314.68,290.9,77.20K,1.80%
11/25/2020,292.73,291.5,292.73,291.5,0.90K,7.50%
11/24/2020,272.31,267,272.31,258,22.90K,7.50%
11/23/2020,253.32,253.32,253.32,248.03,37.00K,7.50%
11/20/2020,235.65,235.65,235.65,235.65,,7.04%
11/19/2020,220.16,220.16,220.16,220.16,2.10K,7.43%
11/18/2020,204.93,200.01,206.15,200.01,26.11K,1.42%
11/17/2020,202.06,197.96,203.7,195.91,9.52K,2.71%
11/16/2020,196.73,197.14,200.83,195.91,8.30K,0.21%
11/13/2020,196.32,204.11,204.11,196.32,2.68K,-2.84%
11/12/2020,202.06,204.93,204.93,202.06,4.88K,-1.79%
11/11/2020,205.74,200.83,205.74,200.83,6.10K,-0.20%
11/10/2020,206.15,206.15,206.15,200.01,15.37K,0.00%
11/09/2020,206.15,204.93,206.15,204.11,5.12K,0.00%
11/06/2020,206.15,201.28,208.61,201.24,5.12K,0.60%
11/05/2020,204.93,202.88,206.97,195.91,16.10K,-0.20%
11/04/2020,205.33,210.25,213.53,205.13,23.67K,-8.05%
11/03/2020,223.32,236.48,236.48,221.32,33.18K,-0.11%
11/02/2020,223.58,222.54,223.58,222.54,30.99K,7.50%
10/29/2020,207.98,194.68,207.98,194.68,39.28K,7.50%
10/28/2020,193.47,193.47,193.47,188.53,40.02K,7.50%
10/27/2020,179.98,179.98,179.98,179.98,1.95K,7.50%
10/26/2020,167.42,163.12,167.42,163.12,15.37K,7.50%
10/23/2020,155.74,146.83,162.3,146.75,2.93K,-4.04%
10/22/2020,162.3,161.89,162.3,148.9,1.46K,0.00%
10/21/2020,162.3,155.74,162.3,155.74,2.93K,-0.50%
10/19/2020,163.12,155.74,163.12,155.74,2.44K,0.00%
10/16/2020,163.12,147.55,163.12,147.55,8.54K,6.42%
10/15/2020,153.28,147.55,153.69,143.65,15.13K,-0.27%
10/14/2020,153.69,161.07,161.07,143.86,14.40K,1.60%
10/09/2020,151.28,151.28,151.28,151.28,0.49K,3.95%
10/08/2020,145.53,133.2,145.53,133.2,6.34K,0.02%
10/06/2020,145.5,128.94,145.5,128.69,4.64K,4.72%
10/05/2020,138.94,138.98,139.02,138.94,1.95K,-8.38%
10/02/2020,151.64,151.64,151.64,147.55,7.56K,0.90%
10/01/2020,150.29,139.35,150.29,136.89,13.42K,7.85%
09/30/2020,139.35,141.4,145.49,139.35,15.86K,-1.45%
09/29/2020,141.4,143.45,145.5,135.25,10.98K,-1.83%
09/28/2020,144.04,144.04,144.04,144.04,14.40K,7.50%
09/25/2020,133.99,133.61,133.99,125,30.01K,7.50%
09/24/2020,124.65,124.65,124.65,124.65,19.03K,7.50%
09/23/2020,115.95,115.95,115.95,114.76,18.06K,7.50%
09/22/2020,107.87,106.35,107.87,104.51,23.91K,7.50%
09/21/2020,100.34,97.91,100.34,93.65,19.03K,7.50%
09/18/2020,93.34,86.56,93.34,86.56,5.37K,9.97%
09/17/2020,84.88,84.88,84.88,84.88,0.24K,-2.31%
09/16/2020,86.89,86.7,88.53,86.27,2.44K,-5.36%
09/15/2020,91.81,92.63,92.63,88.53,5.61K,-4.27%
09/14/2020,95.9,94.27,95.9,94.27,1.46K,0.85%
09/11/2020,95.09,97.54,97.95,95.09,3.90K,1.10%
09/10/2020,94.06,96.31,96.32,92.22,10.00K,3.84%
09/09/2020,90.58,92.28,92.28,90.17,7.81K,-1.48%
09/08/2020,91.93,90.99,93.98,90.17,10.49K,2.01%
09/04/2020,90.13,88.53,90.13,86.89,5.37K,0.42%
09/03/2020,89.75,87.3,90.17,86.89,5.61K,1.86%
09/02/2020,88.12,88.12,88.12,88.12,2.44K,0.94%
09/01/2020,87.3,90.17,90.99,87.3,3.42K,-2.96%
08/31/2020,89.96,86.27,89.96,86.27,8.05K,3.54%
08/28/2020,86.89,85.29,86.89,85.29,6.34K,1.92%
08/27/2020,85.25,84.02,85.25,84.02,0.98K,1.96%
08/26/2020,83.61,83.61,83.61,83.61,0.24K,0.00%
08/25/2020,83.61,82.99,83.61,82.99,2.68K,0.99%
08/21/2020,82.79,82.79,82.79,82.79,0.49K,0.50%
08/18/2020,82.38,82.42,84.43,82.17,1.95K,-2.66%
08/17/2020,84.63,84.63,84.63,84.63,0.24K,-0.20%
08/12/2020,84.8,84.8,84.8,84.8,2.44K,0.93%
08/11/2020,84.02,84.02,84.02,84.02,0.49K,0.98%
08/10/2020,83.2,83.24,83.24,83.2,0.98K,-2.82%
08/07/2020,85.62,84.84,85.62,84.84,0.49K,0.92%
08/06/2020,84.83,84.83,84.83,84.83,0.73K,0.82%
08/05/2020,84.15,84.15,84.15,84.15,1.46K,0.09%
08/04/2020,84.07,84.07,84.07,84.07,1.95K,-2.79%
08/03/2020,86.48,83.36,86.48,83.36,6.10K,2.17%
07/30/2020,84.64,84.06,85.25,84.02,4.15K,-0.72%
07/29/2020,85.25,85.25,86.07,85.25,3.17K,0.48%
07/28/2020,84.84,87.3,89.35,84.84,9.52K,-1.43%
07/27/2020,86.07,86.07,86.07,85.25,4.64K,-2.78%
07/24/2020,88.53,90.99,90.99,88.53,3.17K,1.89%
07/23/2020,86.89,94.06,94.06,86.89,1.22K,-1.14%
07/22/2020,87.89,83.2,87.89,83.2,3.66K,4.10%
07/21/2020,84.43,84.43,84.43,84.43,0.24K,-0.96%
07/20/2020,85.25,81.97,86.07,81.97,7.56K,-0.95%
07/17/2020,86.07,87.3,87.3,84.02,4.88K,-0.94%
07/16/2020,86.89,88.12,88.12,86.89,1.71K,0.00%
07/15/2020,86.89,86.07,91.19,86.07,4.64K,-1.84%
07/14/2020,88.52,86.07,88.52,86.07,3.17K,5.36%
07/13/2020,84.02,84.04,84.04,84.02,0.73K,-2.38%
07/10/2020,86.07,86.15,86.15,86.07,0.73K,-0.10%
07/09/2020,86.15,85.7,90.17,85.07,25.13K,-6.16%
07/07/2020,91.81,91.81,92.18,91.6,6.34K,9.27%
07/03/2020,84.02,84.02,84.02,84.02,0.24K,-2.15%
07/02/2020,85.86,85.86,85.86,85.86,0.24K,0.00%
07/01/2020,85.86,90.95,91.4,85.86,8.05K,-2.10%
06/30/2020,87.71,86.89,87.8,86.89,3.66K,9.74%
06/29/2020,79.92,79.51,88.9,79.51,3.42K,1.56%
06/26/2020,78.69,78.49,86.48,78.49,3.90K,-1.29%
06/25/2020,79.72,79.72,79.72,79.72,0.24K,-2.04%
06/23/2020,81.38,80.95,81.38,80.95,0.98K,-0.73%
06/22/2020,81.97,80.74,84.02,80.74,0.73K,1.01%
06/19/2020,81.15,81.15,88.92,81.15,0.73K,-0.51%
06/18/2020,81.57,81.57,81.57,81.57,0.24K,-2.92%
06/17/2020,84.02,86.07,84.02,84.02,0.24K,4.06%
06/15/2020,80.74,80.74,80.74,80.74,0.24K,-2.04%
06/12/2020,82.42,82.42,82.42,82.42,0.24K,-4.24%
06/10/2020,86.07,86.06,86.07,86.06,1.46K,2.41%
06/09/2020,84.04,86.89,86.89,84.04,1.22K,-3.82%
06/08/2020,87.38,89.72,89.72,85.04,0.49K,2.70%
06/05/2020,85.08,85.08,85.08,85.08,0.49K,2.77%
06/04/2020,82.79,86.07,88.11,82.17,1.95K,0.60%
06/03/2020,82.3,82.38,82.38,82.28,1.22K,-2.52%
06/02/2020,84.43,82.38,82.38,82.38,0.24K,0.00%
06/01/2020,84.43,82.79,88.73,82.79,1.71K,-4.85%
05/21/2020,88.73,89.35,89.35,88.12,0.49K,0.52%
05/20/2020,88.27,88.14,88.53,88.14,0.98K,-4.37%
05/18/2020,92.3,91.81,92.42,90.17,17.32K,-5.23%
05/15/2020,97.39,93.04,98.36,93.04,3.42K,-0.99%
05/14/2020,98.36,98.77,99.57,98.36,2.44K,6.19%
05/13/2020,92.63,90.17,93,90.17,11.71K,7.07%
05/11/2020,86.51,84.43,96.11,84.43,1.46K,-3.39%
05/08/2020,89.55,87.71,96.31,87.3,1.95K,-4.12%
05/07/2020,93.4,87.91,87.91,87.91,0.24K,0.00%
05/05/2020,93.4,98.36,98.41,92.63,5.61K,2.03%
05/04/2020,91.54,86.07,91.69,86.07,1.71K,6.36%
04/30/2020,86.07,86.07,86.07,82.79,5.86K,2.22%
04/29/2020,84.2,82.79,85.62,82.79,1.95K,0.71%
04/28/2020,83.61,81.97,84.83,81.97,3.17K,4.33%
04/27/2020,80.14,82.01,82.01,79.92,5.12K,-6.66%
04/24/2020,85.86,86.07,86.07,85.66,0.73K,-0.09%
04/23/2020,85.94,85.2,85.94,79.92,10.49K,7.49%
04/22/2020,79.95,77.87,81.15,74.89,1.71K,3.44%
04/21/2020,77.29,81.97,81.97,76.7,0.73K,-1.79%
04/20/2020,78.7,81.56,81.97,78.69,2.44K,2.13%
04/17/2020,77.06,84.02,84.02,76.23,6.83K,-2.07%
04/16/2020,78.69,75.82,79.92,75.37,3.42K,5.20%
04/15/2020,74.8,79.3,79.3,73.78,0.98K,1.40%
04/14/2020,73.77,75.41,75.41,75.41,0.24K,0.00%
04/13/2020,73.77,75,75.21,73.77,0.98K,-2.70%
04/10/2020,75.82,77.87,77.87,71.65,13.66K,-2.12%
04/09/2020,77.46,79.92,79.92,79.92,0.24K,0.00%
04/08/2020,77.46,77.87,77.87,77.05,0.49K,-0.53%
04/07/2020,77.87,79.92,79.92,77.87,1.95K,-1.08%
04/06/2020,78.72,78.4,79.91,78.08,2.93K,-6.46%
04/03/2020,84.16,84.29,84.29,84.02,0.49K,7.32%
04/02/2020,78.42,78.69,78.69,77.87,0.73K,-5.47%
04/01/2020,82.96,82.95,82.98,82.95,1.22K,7.48%
03/30/2020,77.19,81.97,81.97,76.23,4.39K,-5.47%
03/27/2020,81.66,81.97,81.97,81.15,0.98K,-6.13%
03/26/2020,86.99,93.45,93.45,86.99,8.05K,-7.50%
03/25/2020,94.04,100,100,88.08,0.49K,-1.24%
03/24/2020,95.22,95.22,95.22,95.22,4.88K,-7.50%
03/20/2020,102.94,106.56,106.56,102.36,4.64K,-6.98%
03/12/2020,110.66,110.66,110.66,110.66,1.71K,-6.90%
03/10/2020,118.86,118.04,118.86,118.04,22.94K,3.48%
03/09/2020,114.86,115.17,115.17,114.76,0.98K,-5.00%
03/06/2020,120.91,117.01,125.82,117.01,3.90K,2.43%
03/03/2020,118.04,118.04,118.04,118.04,1.71K,2.68%
02/27/2020,114.96,114.97,122.55,114.96,14.88K,-6.50%
02/26/2020,122.95,122.95,122.95,122.95,0.24K,0.00%
02/25/2020,122.95,122.95,122.95,122.95,0.24K,1.69%
02/24/2020,120.91,120.91,120.91,120.91,0.73K,-1.66%
02/21/2020,122.95,119.06,122.95,119.06,0.73K,-1.64%
02/17/2020,125,127.05,127.05,122.95,0.49K,-4.09%
02/14/2020,130.33,129.1,130.33,129.1,4.88K,6.00%
02/13/2020,122.95,120.09,122.95,120.09,0.73K,2.35%
02/12/2020,120.13,114.76,122.08,114.76,7.32K,4.31%
02/11/2020,115.17,115.17,115.17,115.17,0.24K,-5.42%
02/10/2020,121.77,121.74,121.77,121.74,3.17K,-5.98%
02/07/2020,129.51,129.51,129.72,129.51,9.52K,-5.95%
02/06/2020,137.71,137.3,137.71,137.3,0.49K,-1.12%
02/03/2020,139.27,131.16,139.35,131.16,1.95K,1.43%
01/27/2020,137.3,137.3,137.3,137.3,0.98K,-2.89%
01/24/2020,141.39,141.39,141.39,141.39,0.24K,1.46%
01/23/2020,139.35,135.25,143.04,135.25,12.20K,1.49%
01/22/2020,137.3,137.3,137.3,137.3,6.34K,3.08%
01/20/2020,133.2,133.2,133.2,133.2,0.24K,-2.99%
01/17/2020,137.3,137.3,137.3,137.3,0.98K,0.30%
01/16/2020,136.89,136.89,137.26,135.25,7.56K,0.60%
01/14/2020,136.07,136.07,136.07,136.07,0.24K,-0.20%
01/13/2020,136.34,134.84,137.3,134.84,2.20K,1.10%
01/10/2020,134.86,128.93,140,128.93,5.12K,1.15%
01/09/2020,133.33,129.92,133.41,123.77,15.86K,4.94%
01/08/2020,127.05,133.2,133.2,127.05,9.27K,0.00%
01/07/2020,127.05,127.05,127.05,127.05,1.22K,0.00%
01/03/2020,127.05,127.05,127.05,127.05,0.73K,-0.96%
01/02/2020,128.28,128.28,128.28,128.28,0.49K,1.62%
01/01/2020,126.23,122.8,135.56,122.8,44.65K,-2.35%
12/31/2019,129.27,129.27,132.79,129.27,1.95K,-5.00%
12/30/2019,136.07,136.07,136.07,136.07,0.24K,2.52%
12/27/2019,132.73,132.39,134.02,132.38,11.47K,-4.75%
12/26/2019,139.35,138.94,139.35,133.2,23.67K,-0.14%
12/24/2019,139.55,136.48,139.76,136.07,6.59K,4.69%
12/23/2019,133.3,133.28,133.3,133.28,2.68K,5.00%
12/20/2019,126.95,122.95,126.95,122.95,14.40K,5.00%
12/19/2019,120.91,122.95,122.95,120.91,0.49K,0.00%
12/17/2019,120.91,114.76,122.95,114.76,0.98K,0.34%
12/16/2019,120.5,114.35,120.5,114.35,5.61K,5.00%
12/13/2019,114.76,114.76,114.76,114.76,2.44K,-0.60%
12/12/2019,115.45,115.47,115.47,110.66,2.20K,4.98%
12/11/2019,109.97,106.56,111.61,106.56,5.86K,3.46%
12/10/2019,106.29,104.1,106.29,104.1,3.90K,5.00%
12/09/2019,101.23,100.41,100.41,100.41,0.24K,0.00%
12/06/2019,101.23,99.96,101.23,98.36,4.64K,4.90%
12/05/2019,96.5,96.52,96.52,96.42,1.22K,-4.00%
12/02/2019,100.52,98.77,100.82,98.77,2.20K,-1.42%
11/28/2019,101.97,102.34,102.34,101.23,1.71K,1.44%
11/27/2019,100.52,98.36,100.63,98.36,13.66K,4.88%
11/26/2019,95.84,100.41,101.64,94.27,21.96K,-1.12%
11/21/2019,96.93,98.36,101.64,96.72,4.88K,-1.45%
11/20/2019,98.36,98.78,98.81,98.36,2.20K,-4.38%
11/19/2019,102.87,106.02,106.55,100.82,2.93K,0.92%
11/18/2019,101.93,98.36,101.93,98.36,17.32K,5.00%
11/14/2019,97.08,105.8,105.8,96.72,18.30K,-3.65%
11/13/2019,100.76,100.75,100.76,97.54,7.56K,4.99%
11/12/2019,95.97,92.22,95.97,90.99,16.35K,5.00%
11/11/2019,91.4,90.97,92.83,90.97,17.81K,-4.54%
11/07/2019,95.75,103.28,103.28,93.45,2.93K,-2.65%
11/06/2019,98.36,92.22,98.36,92.22,1.95K,2.89%
11/05/2019,95.6,87.72,95.7,87.72,2.68K,3.67%
11/04/2019,92.22,92.22,92.22,92.22,0.49K,0.00%
11/01/2019,92.22,96.21,96.21,96.21,0.24K,0.00%
10/30/2019,92.22,92.22,90.16,90.16,2.44K,0.00%
10/25/2019,92.22,87.73,87.73,87.73,0.24K,0.00%
10/24/2019,92.22,92.22,92.22,92.22,0.49K,-0.14%
10/23/2019,92.35,91.4,94.27,91.4,2.68K,-0.13%
10/21/2019,92.47,94.27,97.13,90.68,10.74K,-0.04%
10/18/2019,92.51,92.51,92.51,92.51,2.68K,4.99%
10/17/2019,88.11,87.7,88.11,87.3,9.27K,4.99%
10/16/2019,83.92,83.57,83.92,83.57,11.47K,5.01%
10/11/2019,79.92,79.92,79.92,79.92,0.73K,1.99%
10/09/2019,78.36,78.28,79.92,77.87,2.68K,-2.71%
10/08/2019,80.54,79.1,80.74,79.1,0.73K,-2.23%
10/07/2019,82.38,82.38,82.38,82.38,0.73K,-1.45%
10/04/2019,83.59,83.2,83.2,83.2,0.24K,0.00%
10/03/2019,83.59,83.49,83.65,83.49,6.59K,-4.88%
10/01/2019,87.88,87.81,88.12,87.8,2.20K,-4.91%
09/30/2019,92.42,92.42,92.42,92.42,0.73K,0.29%
09/27/2019,92.15,92.15,91.93,91.93,3.66K,0.00%
09/26/2019,92.15,86.07,92.15,85.47,2.93K,2.43%
09/25/2019,89.96,90.17,90.17,89.76,0.49K,-4.57%
09/23/2019,94.27,90.58,90.58,90.58,0.24K,-5.06%
09/16/2019,99.29,98.36,98.36,98.36,0.24K,0.00%
09/13/2019,99.29,99.29,99.29,99.29,0.49K,-4.99%
09/11/2019,104.51,99.29,99.29,99.29,0.24K,0.00%
09/04/2019,104.51,94.85,104.51,94.85,1.46K,1.19%
08/28/2019,103.28,103.28,103.28,103.28,0.24K,3.79%
08/23/2019,99.51,99.51,99.51,99.51,0.49K,4.98%
08/22/2019,94.79,93.04,97.36,92.22,1.46K,2.21%
08/21/2019,92.74,92.63,92.74,92.63,7.56K,5.00%
08/20/2019,88.32,88.32,88.32,88.32,8.30K,4.99%
08/19/2019,84.12,88.33,88.33,88.33,0.24K,0.00%
08/08/2019,84.12,84.13,84.13,84.12,1.71K,-4.65%
08/06/2019,88.22,88.22,88.22,88.22,0.73K,2.99%
07/29/2019,85.66,85.66,85.66,85.66,0.49K,-5.00%
07/25/2019,90.17,90.17,90.17,90.17,0.24K,0.00%
07/16/2019,90.17,89.66,90.17,89.66,0.73K,-4.46%
07/15/2019,94.38,90.17,94.38,90.17,0.24K,-0.53%
07/03/2019,94.88,93.45,102.46,93.45,0.73K,-3.40%
06/24/2019,98.22,98.36,98.37,97.38,2.44K,-4.18%
06/17/2019,102.51,102.51,102.51,102.51,0.49K,0.05%
06/13/2019,102.46,102.46,102.46,102.46,0.49K,-3.85%
06/10/2019,106.56,106.56,110.38,106.15,3.66K,1.36%
06/03/2019,105.13,105.33,105.33,105.13,1.22K,-5.00%
05/29/2019,110.66,110.66,110.66,109.02,0.49K,3.85%
05/28/2019,106.56,102.46,106.56,102.46,0.49K,0.00%
05/27/2019,106.56,112.71,112.71,106.56,0.98K,-1.55%
05/23/2019,108.24,108.24,108.29,108.24,1.71K,-5.00%
05/22/2019,113.94,115.99,115.99,113.94,0.49K,-4.80%
05/21/2019,119.68,119.68,119.68,119.68,1.22K,0.00%
05/15/2019,119.68,119.68,119.68,118.86,2.44K,1.04%
04/24/2019,118.45,118.04,118.45,118.04,2.44K,2.67%
04/04/2019,115.37,115.17,115.58,115.17,0.49K,0.53%
04/02/2019,114.76,111.89,114.76,111.89,1.22K,1.82%
03/29/2019,112.71,103.72,114.33,103.72,0.73K,3.38%
03/27/2019,109.02,109.02,109.43,109.02,3.42K,-5.00%
03/25/2019,114.76,114.76,114.76,114.76,1.22K,1.82%
03/21/2019,112.71,112.71,112.71,111.07,1.95K,-1.78%
03/20/2019,114.75,113.12,115.17,113.12,3.17K,0.35%
03/19/2019,114.35,110.97,115.09,110.97,2.20K,-2.11%
03/18/2019,116.81,116.81,116.81,116.81,1.22K,-4.99%
03/13/2019,122.95,129.1,129.1,119.27,2.44K,-0.46%
03/12/2019,123.52,123.52,123.52,123.52,2.44K,5.00%
03/11/2019,117.64,117.63,117.64,116.36,15.62K,5.00%
03/08/2019,112.04,112.04,112.04,111.89,18.30K,4.99%
03/07/2019,106.71,106.56,106.71,106.15,9.52K,5.00%
03/06/2019,101.63,100.41,100.41,100.41,0.24K,0.00%
03/04/2019,101.63,101.64,101.67,101.23,5.37K,4.96%
03/01/2019,96.83,96.83,96.83,96.72,1.95K,5.00%
02/27/2019,92.22,92.22,92.22,92.22,1.46K,-2.17%
02/25/2019,94.27,94.27,94.27,94.27,1.22K,-0.16%
02/22/2019,94.42,94.27,94.27,94.27,0.49K,0.00%
02/21/2019,94.42,98.36,94.42,94.42,0.73K,0.00%
02/20/2019,94.42,99.1,99.1,99.1,0.24K,0.00%
02/14/2019,94.42,92.63,92.63,92.63,0.24K,0.00%
02/12/2019,94.42,93.36,96.31,93.34,0.98K,-3.90%
02/08/2019,98.25,97.18,98.37,97.14,3.17K,-3.21%
02/07/2019,101.51,100.41,102.68,100.41,3.17K,-3.46%
02/06/2019,105.15,105.17,107.79,105.14,14.40K,-4.99%
02/04/2019,110.67,112.99,112.99,110.66,9.03K,2.84%
02/01/2019,107.61,107.61,107.61,99.43,9.27K,5.00%
01/31/2019,102.49,102.49,102.49,102.49,0.24K,5.00%
01/30/2019,97.61,97.59,97.61,97.59,0.73K,4.99%
01/29/2019,92.97,92.97,92.97,92.97,2.20K,5.00%
01/28/2019,88.54,88.54,88.54,88.53,1.46K,4.99%
01/24/2019,84.33,80.33,80.33,80.33,0.24K,0.00%
01/23/2019,84.33,86.06,86.06,86.06,0.24K,0.00%
01/22/2019,84.33,88.94,88.94,84.32,5.37K,-4.99%
01/21/2019,88.76,92.63,93.86,88.76,2.44K,-5.00%
01/18/2019,93.43,93.4,93.43,93.4,0.73K,5.00%
01/04/2019,88.98,93.43,93.43,93.43,0.24K,0.00%
01/01/2019,88.98,88.98,88.98,88.98,1.95K,0.00%
12/28/2018,88.98,90.17,90.17,90.17,0.24K,0.00%
12/27/2018,88.98,92.11,88.98,88.98,0.24K,0.00%
12/26/2018,88.98,88.12,89.02,88.12,1.22K,-3.98%
12/24/2018,92.67,92.67,92.67,92.67,0.98K,-4.99%
12/20/2018,97.54,97.54,97.54,97.54,2.44K,-3.13%
12/07/2018,100.69,95.9,95.9,95.9,0.24K,0.00%
12/06/2018,100.69,95.65,95.65,95.65,0.24K,0.00%
12/04/2018,100.69,100.82,100.82,100.41,1.46K,3.64%
11/29/2018,97.15,96.31,97.5,96.31,1.22K,3.06%
11/28/2018,94.27,93.45,94.27,93.45,1.95K,0.59%
11/27/2018,93.72,93.04,93.86,93.04,0.98K,1.63%
11/26/2018,92.22,92.22,92.22,92.22,0.49K,-2.17%
11/23/2018,94.27,94.27,94.27,93.45,2.44K,2.22%
11/22/2018,92.22,92.63,92.63,92.22,1.71K,-2.39%
11/20/2018,94.48,94.41,94.69,93.04,2.68K,4.77%
11/15/2018,90.18,89.76,91.11,89.62,4.88K,-4.41%
11/12/2018,94.34,94.68,94.68,93.65,1.46K,4.62%
11/05/2018,90.17,90.17,90.17,88.53,3.66K,-2.41%
11/02/2018,92.4,92.22,94.27,92.22,2.68K,2.74%
10/30/2018,89.94,90.99,90.99,87.71,1.22K,-1.81%
10/29/2018,91.6,88.12,88.12,88.12,0.24K,-0.23%
10/26/2018,91.81,92.22,92.22,92.22,0.24K,0.00%
10/25/2018,91.81,89.06,91.81,91.81,5.12K,-2.05%
10/24/2018,93.73,95.63,95.63,95.63,0.24K,0.00%
10/19/2018,93.73,94.27,94.68,93.45,3.42K,-4.71%
10/17/2018,98.36,100.41,100.41,100.41,0.24K,0.00%
10/11/2018,98.36,98.36,98.36,98.36,0.98K,-0.42%
10/10/2018,98.77,98.36,98.77,98.36,5.37K,0.42%
09/19/2018,98.36,98.36,98.36,98.36,0.24K,0.00%
09/18/2018,98.36,100.41,100.41,100.41,0.24K,0.00%
09/14/2018,98.36,98.36,98.36,98.36,1.46K,-4.00%
09/03/2018,102.46,102.46,102.46,102.46,0.98K,0.00%
08/30/2018,102.46,98.36,98.36,98.36,0.24K,0.00%
08/29/2018,102.46,102.46,102.46,102.46,0.24K,0.00%
08/16/2018,102.46,102.46,102.46,102.46,2.44K,0.00%
08/13/2018,102.46,102.46,102.46,102.46,0.49K,0.00%
08/10/2018,102.46,102.46,102.46,102.46,0.49K,-0.01%
08/09/2018,102.47,105.74,105.74,102.46,2.44K,-2.72%
08/08/2018,105.33,102.46,105.33,102.46,6.34K,2.80%
08/07/2018,102.46,102.46,102.46,102.46,0.24K,-2.82%
08/03/2018,105.43,105.43,105.43,105.29,8.30K,5.00%
08/02/2018,100.41,100.41,100.41,100.41,4.39K,-3.16%
08/01/2018,103.69,103.69,103.69,103.69,0.24K,0.01%
07/31/2018,103.68,103.73,104.1,103.68,6.10K,-4.99%
07/30/2018,109.13,109.14,109.14,105.33,1.46K,3.61%
07/27/2018,105.33,105.33,105.33,105.33,7.08K,-1.90%
07/24/2018,107.37,104.51,107.38,104.51,0.73K,4.79%
07/23/2018,102.46,101.44,103.28,101.44,1.46K,-2.92%
07/20/2018,105.54,105.54,105.54,105.54,1.22K,-1.71%
07/18/2018,107.38,107.38,107.38,107.38,0.24K,-1.17%
07/13/2018,108.65,108.65,108.65,108.65,0.24K,-4.98%
07/10/2018,114.35,114.76,114.76,114.35,2.93K,3.33%
07/09/2018,110.66,115.17,110.66,110.66,2.44K,0.00%
07/03/2018,110.66,110.66,110.66,110.66,0.24K,-2.96%
07/02/2018,114.04,114.04,114.04,112.71,14.64K,5.00%
06/29/2018,108.61,108.61,108.61,108.61,0.98K,1.44%
06/28/2018,107.07,107.07,107.07,107.07,9.03K,-5.00%
06/27/2018,112.71,112.71,112.71,112.71,1.46K,-4.01%
06/26/2018,117.42,117.42,117.42,117.42,0.24K,4.23%
06/20/2018,112.66,112.66,112.67,112.66,1.22K,-5.00%
06/04/2018,118.59,118.63,118.63,118.04,7.81K,4.97%
06/01/2018,112.98,112.91,113.14,112.91,3.90K,-4.95%
05/31/2018,118.86,117.32,118.86,117.32,1.95K,-3.75%
05/30/2018,123.49,112.71,123.49,112.71,0.49K,4.98%
05/29/2018,117.63,117.63,117.63,117.63,1.71K,-4.96%
05/25/2018,123.77,128.69,123.77,123.77,0.49K,0.00%
05/24/2018,123.77,126.64,126.64,123.77,1.22K,-1.63%
05/23/2018,125.82,125.82,125.82,125.82,0.73K,2.43%
05/22/2018,122.83,122.14,128.28,122.14,2.68K,-4.22%
05/21/2018,128.24,128.24,128.24,128.24,0.24K,4.30%
05/18/2018,122.95,128.28,128.28,122.95,8.78K,-4.46%
05/17/2018,128.69,122.95,128.69,122.95,4.88K,4.67%
05/14/2018,122.95,122.95,122.95,122.95,0.24K,-0.99%
05/11/2018,124.18,123.77,124.18,123.77,0.98K,1.00%
05/10/2018,122.95,122.95,122.95,122.95,0.24K,2.73%
05/09/2018,119.68,116.81,119.68,116.81,0.49K,2.43%
05/08/2018,116.84,116.53,122.95,116.53,15.37K,-4.74%
05/07/2018,122.66,129.1,130.33,122.65,9.27K,-4.99%
05/04/2018,129.1,129.1,129.1,129.1,0.98K,-1.25%
05/03/2018,130.74,125.01,130.74,125,0.98K,-0.31%
04/30/2018,131.15,129.1,131.15,127.32,1.95K,-2.14%
04/27/2018,134.02,125.07,134.02,134.02,1.46K,1.87%
04/26/2018,131.56,131.56,131.56,131.56,1.71K,-2.43%
04/25/2018,134.84,127.46,135,127.46,2.68K,1.86%
04/24/2018,132.38,129.51,132.38,129.51,2.44K,-1.22%
04/23/2018,134.02,133.2,134.02,133.2,5.61K,0.65%
04/20/2018,133.15,125.84,134.84,126.73,10.49K,3.45%
04/19/2018,128.71,131.15,132.01,128.43,26.84K,-4.79%
04/18/2018,135.19,133.22,143.04,131.98,11.47K,-2.13%
04/17/2018,138.13,133.2,139.35,133.61,20.01K,3.70%
04/16/2018,133.2,132.79,134.21,127.05,30.01K,4.21%
04/13/2018,127.82,131.15,135.21,127.05,38.31K,-0.74%
04/12/2018,128.77,122.95,128.77,122.95,20.74K,5.00%
04/11/2018,122.64,118.86,123.51,118.24,10.49K,4.26%
04/10/2018,117.63,122.5,122.5,117.63,1.71K,0.14%
04/09/2018,117.46,118.86,122.55,116.81,6.83K,-4.27%
04/06/2018,122.7,122.55,122.95,122.09,4.88K,3.23%
04/05/2018,118.86,120.91,120.91,118.86,1.95K,-0.69%
04/04/2018,119.68,118.86,119.68,118.86,2.68K,2.46%
04/03/2018,116.81,116.81,116.81,116.81,1.22K,0.21%
04/02/2018,116.56,116.4,116.81,116.39,1.22K,1.57%
03/28/2018,114.76,111.48,114.76,111.48,2.68K,-1.79%
03/27/2018,116.85,119.47,119.68,116.85,1.46K,-1.35%
03/26/2018,118.45,118.86,118.86,118.45,4.88K,1.40%
03/22/2018,116.81,120.7,120.7,116.81,2.20K,1.06%
03/21/2018,115.58,111.07,115.58,111.07,0.49K,-1.05%
03/20/2018,116.81,115.99,116.81,115.99,0.73K,0.00%
03/19/2018,116.81,116.81,116.81,116.73,0.73K,-0.34%
03/16/2018,117.21,117.21,117.21,117.21,,0.00%
03/15/2018,117.21,117.21,117.21,117.21,0.49K,4.58%
03/14/2018,112.08,112.07,112.08,112.07,8.78K,4.99%
03/09/2018,106.75,106.56,107.05,106.56,10.00K,-3.53%
03/08/2018,110.66,110.66,110.66,110.66,2.93K,-3.92%
03/07/2018,115.17,115.17,115.17,113.12,1.46K,-3.10%
03/06/2018,118.86,118.86,118.86,116.81,1.46K,3.57%
03/05/2018,114.76,110.66,114.76,110.66,2.68K,3.45%
03/02/2018,110.93,110.66,111.07,110.66,3.66K,-3.34%
02/28/2018,114.76,112.71,114.76,112.71,2.20K,1.82%
02/27/2018,112.71,114.76,114.76,112.71,2.68K,-1.54%
02/26/2018,114.47,122.18,122.55,114.47,10.25K,-5.00%
02/23/2018,120.49,122.95,123.04,118.86,4.88K,2.82%
02/22/2018,117.18,112.71,117.18,112.71,8.30K,4.99%
02/21/2018,111.61,111.61,111.61,108.61,13.91K,5.01%
02/15/2018,106.29,107.79,107.79,106.29,0.49K,-5.00%
02/14/2018,111.89,106.56,113.94,105.91,13.91K,0.37%
02/13/2018,111.48,112.71,112.71,111.12,5.12K,-4.69%
02/09/2018,116.97,116.97,116.97,116.97,0.24K,3.40%
02/08/2018,113.12,105.39,113.12,105.39,0.73K,1.97%
02/06/2018,110.93,110.66,113.94,109.43,1.22K,-3.33%
02/02/2018,114.75,110.66,114.75,110.66,0.49K,1.07%
01/31/2018,113.53,107.79,113.53,107.79,1.22K,0.19%
01/30/2018,113.32,113.94,113.94,109.43,2.20K,-0.54%
01/29/2018,113.93,109.02,113.93,108.2,1.22K,2.20%
01/26/2018,111.48,109.02,113.93,109.02,0.73K,0.01%
01/25/2018,111.47,111.47,111.47,111.47,,0.00%
01/24/2018,111.47,110.25,111.47,108.61,1.95K,-0.73%
01/23/2018,112.29,105.74,112.29,105.74,0.49K,1.86%
01/22/2018,110.24,110.24,110.24,110.24,0.24K,3.65%
01/19/2018,106.36,104.1,108.61,104.1,4.39K,2.17%
01/18/2018,104.1,104.1,104.1,104.1,0.24K,2.55%
01/17/2018,101.51,102.46,102.46,102.46,0.24K,0.00%
01/16/2018,101.51,101.23,102.87,101.23,4.64K,-4.74%
01/15/2018,106.56,106.56,106.56,106.56,0.24K,0.58%
01/10/2018,105.95,104.53,108.61,104.51,2.68K,-2.45%
01/09/2018,108.61,106.56,110.66,106.56,0.98K,-1.85%
01/08/2018,110.66,108.61,110.66,108.61,0.98K,3.45%
01/05/2018,106.97,114.35,114.35,106.97,0.49K,-4.74%
01/03/2018,112.29,108.61,112.29,108.61,0.49K,-1.08%
01/02/2018,113.52,108.61,113.52,107.38,1.71K,0.72%
01/01/2018,112.71,112.7,112.71,112.71,4.15K,0.00%
12/29/2017,112.71,112.71,112.71,112.71,0.24K,2.23%
12/27/2017,110.25,112.3,110.25,110.25,4.15K,0.00%
12/26/2017,110.25,113.94,110.25,110.25,0.24K,0.00%
12/22/2017,110.25,110.25,110.25,110.25,,0.00%
12/21/2017,110.25,103.58,110.25,103.58,1.46K,1.13%
12/20/2017,109.02,109.02,109.02,109.02,0.24K,-5.00%
12/15/2017,114.76,114.76,114.76,114.76,0.98K,0.44%
12/12/2017,114.26,105.74,114.27,105.74,0.98K,2.88%
12/08/2017,111.06,109.41,112.7,109.41,1.95K,-3.56%
12/07/2017,115.16,109.02,115.16,109.02,0.73K,0.36%
12/06/2017,114.75,108.96,114.75,108.96,2.20K,0.04%
12/05/2017,114.7,109.02,114.7,114.7,0.24K,0.00%
12/04/2017,114.7,114.7,114.7,114.7,0.24K,0.31%
11/30/2017,114.34,114.34,114.34,114.34,0.49K,1.17%
11/29/2017,113.02,113.02,113.02,113.02,0.49K,2.13%
11/28/2017,110.66,109.02,110.66,109.02,1.22K,-0.02%
11/27/2017,110.68,108.24,115.57,108.24,0.73K,-2.86%
11/24/2017,113.94,113.94,113.94,113.94,0.24K,4.87%
11/23/2017,108.65,116.81,116.81,108.65,3.17K,-2.77%
11/22/2017,111.75,119.68,119.68,111.48,4.64K,-4.67%
11/20/2017,117.22,117.22,117.22,117.22,0.24K,4.72%
11/16/2017,111.94,111.94,111.94,111.94,0.24K,-5.00%
11/15/2017,117.83,113.94,117.83,113.94,0.49K,-0.86%
11/14/2017,118.85,119.67,119.68,113.94,0.98K,0.17%
11/10/2017,118.65,115.58,118.65,114.35,2.44K,-1.22%
11/09/2017,120.12,120.12,120.12,120.12,1.95K,-5.00%
11/07/2017,126.44,126.44,126.44,126.44,0.49K,4.66%
11/03/2017,120.81,114.76,120.86,114.76,0.98K,0.26%
11/02/2017,120.5,120.5,120.5,120.5,0.24K,1.17%
11/01/2017,119.11,119.14,119.14,119.11,0.73K,-4.99%
10/30/2017,125.37,125.37,125.37,125.37,0.24K,4.40%
10/27/2017,120.09,119.27,120.5,119.27,1.22K,0.87%
10/26/2017,119.06,119.06,119.06,119.06,0.24K,1.75%
10/24/2017,117.01,117.01,117.01,117.01,0.24K,3.75%
10/23/2017,112.78,111.2,114.35,111.2,0.49K,3.45%
10/20/2017,109.02,106.56,109.02,106.56,4.88K,-2.38%
10/17/2017,111.68,113.94,113.94,111.68,3.66K,0.89%
10/16/2017,110.7,110.66,110.7,110.66,0.49K,-3.54%
10/10/2017,114.76,114.76,114.76,114.76,0.49K,0.00%
10/09/2017,114.76,116.81,116.81,114.76,3.66K,1.82%
10/05/2017,112.71,114.35,114.35,112.71,1.71K,1.48%
10/04/2017,111.07,111.07,111.07,111.07,0.24K,-3.56%
10/03/2017,115.17,118.89,118.89,114.87,1.22K,-4.75%
10/02/2017,120.91,122.95,127.02,120.91,21.96K,-0.06%
09/29/2017,120.98,120.98,120.98,120.98,3.42K,5.00%
09/28/2017,115.22,115.22,115.22,109.43,32.45K,4.99%
09/27/2017,109.74,100.82,109.74,100.82,19.52K,5.00%
09/22/2017,104.51,99.39,104.51,99.29,0.98K,0.00%
09/13/2017,104.51,104.51,104.51,104.51,0.49K,2.59%
09/11/2017,101.87,102.88,102.88,101.23,0.98K,-4.40%
09/08/2017,106.56,102.06,102.06,102.06,0.24K,0.00%
09/07/2017,106.56,106.56,106.56,106.56,0.49K,-0.53%
09/06/2017,107.13,110.66,110.66,107.07,4.88K,-4.95%
09/05/2017,112.71,112.71,112.71,112.71,0.24K,-2.10%
08/25/2017,115.13,115.13,115.13,115.13,0.24K,4.04%
08/24/2017,110.66,110.66,111.17,110.66,2.44K,0.88%
08/23/2017,109.7,109.63,109.74,109.63,0.73K,4.97%
08/22/2017,104.51,104.51,104.51,104.51,0.49K,-4.93%
08/17/2017,109.93,112.82,112.82,109.93,1.95K,-5.00%
08/16/2017,115.71,114.76,115.9,114.76,4.39K,4.83%
08/15/2017,110.38,110.38,110.38,110.38,1.46K,-5.00%
08/11/2017,116.19,116.19,116.19,114.76,4.15K,5.00%
08/09/2017,110.66,110.66,110.66,110.66,0.73K,-2.88%
08/04/2017,113.94,114.76,113.94,114.76,0.24K,0.00%
08/03/2017,113.94,118.65,118.74,113.94,1.46K,-3.69%
08/02/2017,118.3,110.66,118.34,110.25,12.69K,4.97%
08/01/2017,112.7,110.25,112.71,110.25,1.95K,1.83%
07/31/2017,110.68,112.71,116.4,110.68,2.93K,-2.16%
07/28/2017,113.12,107.09,113.12,107.08,0.73K,0.36%
07/27/2017,112.71,112.71,112.71,112.71,0.24K,2.23%
07/26/2017,110.25,106.77,111.87,106.77,2.68K,-1.83%
07/25/2017,112.3,112.3,112.3,112.3,0.24K,3.44%
07/21/2017,108.57,108.55,108.57,105.74,2.44K,5.00%
07/20/2017,103.4,98.78,103.43,98.78,0.98K,4.97%
07/19/2017,98.5,98.37,98.77,98.37,0.73K,-3.86%
07/13/2017,102.46,102.46,102.46,102.46,0.24K,4.17%
07/11/2017,98.36,99.59,100.82,98.36,2.44K,-4.00%
07/10/2017,102.46,102.46,102.46,102.46,1.46K,1.09%
07/06/2017,101.36,102.46,102.46,101.34,2.93K,-4.88%
07/05/2017,106.56,106.56,106.57,106.56,0.98K,-1.02%
07/04/2017,107.66,110.66,107.79,113.94,4.88K,-1.85%
07/03/2017,109.69,112.71,112.71,109.19,2.20K,-4.56%
06/30/2017,114.93,106.77,115.84,106.57,10.25K,4.18%
06/29/2017,110.32,102.46,111.48,101.07,12.69K,3.70%
06/22/2017,106.38,104.61,114.76,104.61,18.06K,-3.39%
06/21/2017,110.11,109.84,110.38,109.84,0.49K,4.74%
06/20/2017,105.13,111.48,111.48,105.13,5.12K,-5.00%
06/19/2017,110.66,107.42,110.66,107.42,2.44K,3.05%
06/16/2017,107.38,110.66,110.66,107.38,4.15K,-2.96%
06/13/2017,110.66,101.34,110.66,101.34,2.68K,3.81%
06/12/2017,106.6,106.6,106.6,106.6,0.24K,-2.22%
06/08/2017,109.02,109.02,109.02,109.02,2.44K,-2.21%
06/07/2017,111.48,109.43,116.4,109.43,8.54K,-2.58%
06/06/2017,114.43,114.35,114.76,114.35,1.71K,1.25%
06/05/2017,113.02,114.76,114.76,112.71,8.30K,-0.80%
05/31/2017,113.93,107.38,114.75,107.38,1.95K,2.88%
05/30/2017,110.74,109.84,110.74,109.84,0.73K,-1.03%
05/29/2017,111.89,111.89,111.89,111.89,1.46K,-1.08%
05/26/2017,113.11,110.99,116.4,110.99,7.08K,-3.18%
05/25/2017,116.83,122.95,122.95,116.83,24.64K,-5.00%
05/24/2017,122.98,125,125,122.98,3.42K,-2.87%
05/23/2017,126.62,122.95,126.62,122.95,2.68K,1.92%
05/22/2017,124.24,127.05,127.05,121.73,5.86K,2.06%
05/19/2017,121.73,122.95,125.41,119.28,7.08K,-1.62%
05/18/2017,123.73,122.95,125,122.95,8.05K,0.63%
05/17/2017,122.95,120.91,122.95,120.91,4.15K,0.00%
05/16/2017,122.95,122.95,122.95,122.95,0.98K,0.00%
05/15/2017,122.95,123.36,126.19,122.95,3.17K,-1.32%
05/12/2017,124.59,130.54,130.54,122.95,6.34K,-1.30%
05/11/2017,126.23,126.23,126.23,126.23,0.24K,0.98%
05/09/2017,125,122.95,125,122.95,10.74K,1.67%
05/08/2017,122.95,120.91,122.95,120.91,0.98K,-0.99%
04/26/2017,124.18,122.95,125,122.95,4.39K,0.66%
04/25/2017,123.36,122.95,123.36,122.95,1.46K,-3.78%
04/24/2017,128.2,120.91,128.2,120.91,21.23K,3.83%
04/21/2017,123.47,118.86,125,118.86,16.84K,0.42%
04/20/2017,122.95,122.14,122.95,120.91,2.44K,2.03%
04/19/2017,120.5,115.17,120.5,115.17,2.68K,4.63%
04/18/2017,115.17,115.17,115.17,115.17,0.24K,-0.82%
04/14/2017,116.12,118.65,118.65,115.99,1.22K,-1.12%
04/13/2017,117.43,119.27,119.27,117.42,1.22K,-2.22%
04/12/2017,120.09,120.09,121.73,120.09,1.71K,1.03%
04/10/2017,118.86,116.89,118.86,116.89,0.49K,-0.69%
04/07/2017,119.68,117.63,121.32,117.63,1.71K,-2.33%
04/06/2017,122.54,119.27,122.54,117.22,6.10K,1.35%
04/05/2017,120.91,122.95,122.95,120.91,1.71K,-1.66%
04/04/2017,122.95,120.91,122.95,120.91,0.73K,3.44%
04/03/2017,118.86,118.86,118.86,118.86,0.24K,-2.03%
03/30/2017,121.32,118.96,121.32,118.96,5.12K,-1.33%
03/29/2017,122.95,122.95,122.95,122.95,0.73K,1.52%
03/27/2017,121.11,124.32,124.32,120.91,0.24K,-0.67%
03/24/2017,121.93,121.93,121.93,121.93,0.24K,-3.72%
03/22/2017,126.64,126.64,126.64,126.23,0.98K,0.49%
03/21/2017,126.02,122.95,126.02,122.34,11.47K,2.50%
03/20/2017,122.95,122.95,122.95,122.95,0.49K,0.00%
03/17/2017,122.95,122.95,122.95,121.32,7.08K,0.70%
03/16/2017,122.09,118.86,122.09,118.86,1.95K,-0.04%
03/15/2017,122.14,122.14,122.14,122.14,0.49K,-0.63%
03/14/2017,122.91,122.95,122.95,119.68,2.68K,-0.03%
03/10/2017,122.95,122.95,122.95,122.95,5.12K,0.22%
03/09/2017,122.68,122.95,122.95,122.55,0.73K,-2.18%
03/08/2017,125.41,129.1,129.1,125.41,4.15K,-1.29%
03/07/2017,127.05,125,127.05,125,2.20K,2.35%
03/06/2017,124.13,125,126.23,122.65,29.28K,-3.85%
03/03/2017,129.1,131.15,131.15,129.1,5.61K,-1.25%
03/02/2017,130.74,131.15,131.3,130.74,2.44K,0.18%
03/01/2017,130.5,131.15,132.38,128.69,3.90K,-1.42%
02/23/2017,132.38,132.38,132.38,130.33,0.98K,2.18%
02/22/2017,129.55,125.41,133.61,125.41,5.12K,0.29%
02/21/2017,129.17,138.12,138.12,127.47,4.64K,-3.45%
02/20/2017,133.78,133.21,134.23,133.2,2.93K,-2.56%
02/16/2017,137.3,137.3,137.3,137.3,0.98K,0.90%
02/15/2017,136.07,137.3,137.3,136.07,5.61K,-0.03%
02/14/2017,136.11,135.46,136.11,135.46,0.98K,-1.46%
02/13/2017,138.12,139.35,139.35,138.12,5.61K,0.60%
02/10/2017,137.3,137.3,138.94,135.25,10.25K,-0.80%
02/09/2017,138.41,135.25,139.35,133.2,25.62K,0.12%
02/08/2017,138.24,139.35,139.35,137.75,1.22K,-0.80%
02/07/2017,139.35,139.14,139.35,138.12,13.91K,0.89%
02/06/2017,138.12,137.3,139.35,137.3,19.03K,-3.72%
02/03/2017,143.45,143.45,143.45,143.45,0.24K,0.00%
02/02/2017,143.45,143.45,143.45,141.4,2.44K,0.46%
02/01/2017,142.8,149.55,149.6,141.44,4.64K,-1.86%
01/31/2017,145.5,140.99,147.98,140.99,11.47K,3.24%
01/30/2017,140.93,151.64,151.64,139.64,9.27K,-4.12%
01/27/2017,146.99,147.14,147.14,145.5,2.68K,-0.33%
01/26/2017,147.48,150.74,150.41,147.14,11.71K,0.28%
01/25/2017,147.07,147.96,149.6,146.73,10.25K,-0.29%
01/24/2017,147.5,147.55,147.55,147.14,6.10K,0.81%
01/23/2017,146.32,150.73,150.73,146.32,3.17K,0.00%
01/20/2017,146.32,148.37,148.78,141.4,6.59K,0.32%
01/19/2017,145.85,143.45,147.54,143.04,16.35K,3.15%
01/18/2017,141.4,141.4,143.45,139.82,3.17K,1.13%
01/17/2017,139.82,139.39,140.99,138.57,12.93K,-1.37%
01/16/2017,141.76,143.45,145.5,141.4,9.27K,-2.57%
01/13/2017,145.5,146.66,146.66,141.4,7.56K,0.70%
01/12/2017,144.49,143.65,146.52,143.45,10.00K,-0.01%
01/11/2017,144.51,143.45,146.73,143.45,40.01K,-4.06%
01/10/2017,150.62,152.92,153.69,149.51,9.76K,-4.30%
01/09/2017,157.38,158.61,158.61,152.47,3.17K,0.04%
01/06/2017,157.31,159.02,159.43,155.33,20.25K,-0.89%
01/05/2017,158.73,154.51,159.71,154.51,12.93K,3.46%
01/04/2017,153.42,159,159,152.46,12.20K,-0.71%
01/03/2017,154.51,151.64,154.51,151.64,4.15K,0.66%
01/02/2017,153.49,154.92,154.92,151.64,4.64K,0.86%
12/30/2016,152.18,147.55,153.69,146.52,31.47K,2.91%
12/29/2016,147.87,143.86,148.78,143.86,12.69K,2.52%
12/28/2016,144.23,139.76,144.68,138.53,18.54K,2.90%
12/27/2016,140.17,139.35,140.17,138.94,2.44K,0.59%
12/26/2016,139.35,141.39,141.39,139.35,1.46K,2.24%
12/23/2016,136.3,139.35,141.03,135.25,5.37K,-2.19%
12/22/2016,139.35,139.35,139.76,139.35,2.93K,-1.04%
12/21/2016,140.81,143.45,143.45,139.76,14.64K,-0.99%
12/20/2016,142.22,143.45,143.45,142.22,2.68K,0.20%
12/19/2016,141.94,143.86,147.55,141.4,10.49K,-1.05%
12/16/2016,143.45,144.68,147.55,143.45,4.15K,-2.78%
12/15/2016,147.55,148.78,149.6,147.55,10.49K,0.56%
12/14/2016,146.73,144.68,147.55,143.65,2.68K,-0.54%
12/13/2016,147.53,151.64,151.64,146.42,22.69K,-2.47%
12/09/2016,151.26,158.61,158.61,150.01,26.84K,-3.24%
12/08/2016,156.32,159.01,161.89,155.74,16.84K,-1.62%
12/07/2016,158.89,163.93,165.95,156.97,39.28K,-0.92%
12/06/2016,160.36,153.69,160.36,151.64,135.90K,5.00%
12/05/2016,152.72,149.1,154.92,149.1,44.65K,2.67%
12/02/2016,148.75,143.86,149.1,143.86,14.64K,0.91%
12/01/2016,147.41,144.27,151.23,144.27,63.19K,2.06%
11/30/2016,144.43,143.45,145.5,142.22,8.54K,0.27%
11/29/2016,144.04,144.69,147.55,143.45,8.30K,-1.83%
11/28/2016,146.73,139.35,147.96,139.35,20.50K,3.23%
11/25/2016,142.14,137.71,144.47,137.71,14.88K,-0.68%
11/24/2016,143.12,149.86,149.86,136.07,47.58K,0.27%
11/23/2016,142.73,141.31,142.73,138.53,24.89K,5.00%
11/22/2016,135.93,131.15,135.93,131.15,32.69K,5.00%
11/21/2016,129.46,130.74,132.38,129.35,3.17K,0.36%
11/18/2016,129,131.15,133.2,128.28,11.47K,-1.27%
11/17/2016,130.66,129.1,130.74,129.1,2.93K,-0.07%
11/16/2016,130.75,131.15,131.16,129.72,0.98K,-0.54%
11/15/2016,131.46,133.2,133.2,131.15,4.88K,-2.51%
11/14/2016,134.84,133.1,134.84,132.79,2.93K,2.32%
11/11/2016,131.78,131.15,132.79,131.15,6.59K,0.17%
11/10/2016,131.56,133.61,135.25,131.56,7.32K,-1.03%
11/09/2016,132.93,131.15,133.2,131.15,3.42K,0.57%
11/08/2016,132.18,133.2,134.43,131.15,5.86K,-2.20%
11/07/2016,135.15,127.47,136.07,131.11,9.27K,2.97%
11/04/2016,131.25,131.25,131.25,131.25,0.24K,-0.34%
11/03/2016,131.7,136.48,137.3,129.74,9.76K,-3.54%
11/02/2016,136.53,139.35,142.63,135.33,12.69K,-1.64%
11/01/2016,138.8,136.48,140.17,136.48,12.44K,2.62%
10/31/2016,135.25,135.25,136.07,135.25,2.20K,1.57%
10/28/2016,133.16,133.2,134.02,133.16,11.96K,-5.00%
10/27/2016,140.17,143.45,143.45,140.17,8.05K,-5.00%
10/26/2016,147.54,150.54,149.19,146.73,4.88K,-0.76%
10/25/2016,148.67,146.73,149.39,146.73,4.88K,-3.27%
10/24/2016,153.69,152.46,153.69,153.69,0.73K,0.00%
10/21/2016,153.69,153.69,153.69,152.46,1.46K,0.03%
10/20/2016,153.65,153.28,155.74,151.64,10.74K,1.31%
10/19/2016,151.66,151.23,152.87,151.23,1.71K,-0.52%
10/18/2016,152.46,151.64,152.46,149.6,11.22K,-2.02%
10/17/2016,155.6,158,158.25,155.13,19.76K,-2.21%
10/14/2016,159.12,157.79,160.05,157.79,6.10K,-1.69%
10/13/2016,161.85,165.99,166.19,161.71,16.35K,-1.54%
10/10/2016,164.38,170.91,171.11,163.96,25.62K,-1.51%
10/07/2016,166.9,160.25,166.9,160.25,65.63K,5.00%
10/06/2016,158.95,149.6,158.95,147.96,42.21K,5.00%
10/05/2016,151.38,155.74,159.35,150.09,10.00K,-3.81%
10/04/2016,157.38,157.8,159.43,156.97,6.83K,-0.26%
10/03/2016,157.79,154.96,159.84,151.75,19.52K,1.85%
09/30/2016,154.92,151.64,154.92,151.64,0.49K,2.72%
09/29/2016,150.82,155.74,155.75,147.55,10.25K,-2.76%
09/28/2016,155.1,154.92,155.33,154.72,1.46K,-2.97%
09/27/2016,159.84,155.74,161.07,155.74,7.32K,0.19%
09/26/2016,159.53,158.2,161.48,157.79,5.86K,-2.20%
09/23/2016,163.12,163.33,163.33,163.12,1.95K,0.28%
09/22/2016,162.67,161.48,163.94,161.07,10.25K,1.65%
09/21/2016,160.03,159.84,161.07,156.48,14.40K,-2.84%
09/20/2016,164.71,162.3,168.01,162.3,11.71K,-0.62%
09/19/2016,165.73,164.76,161.48,165.73,43.43K,2.64%
09/16/2016,161.47,163.94,165.99,160.67,16.10K,0.83%
09/15/2016,160.14,151.64,160.17,150.46,37.57K,4.98%
09/09/2016,152.55,162.71,162.71,151.64,27.82K,-2.88%
09/08/2016,157.08,157.08,157.08,155.03,62.22K,5.00%
09/07/2016,149.6,149.6,149.6,149.6,8.05K,5.00%
09/06/2016,142.48,142.48,142.48,142.48,5.61K,5.00%
09/05/2016,135.7,135.66,135.7,131.57,30.50K,5.00%
09/02/2016,129.24,127.06,129.24,125.42,33.91K,5.00%
09/01/2016,123.09,117.63,123.09,117.63,10.98K,5.00%
08/31/2016,117.23,117.24,117.24,117.22,0.24K,-1.87%
08/30/2016,119.47,121.52,119.47,119.47,1.46K,-0.48%
08/29/2016,120.05,121.73,121.73,119.29,1.46K,-0.03%
08/26/2016,120.09,119.06,121.73,118.86,7.81K,0.87%
08/25/2016,119.06,119.68,119.68,118.45,6.10K,1.22%
08/24/2016,117.63,118.04,118.04,116.81,7.56K,0.63%
08/23/2016,116.89,118.04,118.04,116.89,1.71K,-0.67%
08/22/2016,117.68,116.81,115.99,115.99,1.95K,0.39%
08/19/2016,117.22,118.04,118.45,117.22,1.95K,-2.06%
08/18/2016,119.68,119.68,119.68,119.68,1.22K,-0.34%
08/17/2016,120.09,114.76,120.29,114.76,12.69K,3.69%
08/16/2016,115.82,115.17,118.45,115.17,4.15K,0.92%
08/15/2016,114.76,113.94,117.22,113.94,1.22K,0.21%
08/12/2016,114.52,114.76,115.21,114.35,6.34K,-0.26%
08/11/2016,114.82,112.71,118.02,112.71,5.37K,-0.97%
08/10/2016,115.94,118.04,118.45,115.58,9.52K,-1.22%
08/09/2016,117.37,116.81,117.83,116.81,13.91K,0.13%
08/08/2016,117.22,116.81,117.63,116.81,3.66K,0.18%
08/05/2016,117.01,117.91,117.91,117.01,0.49K,0.00%
08/04/2016,117.01,119.27,119.27,117.01,1.95K,-0.18%
08/03/2016,117.22,118.04,118.04,117.22,4.39K,0.03%
08/02/2016,117.19,116.81,119.27,116.81,4.88K,0.65%
08/01/2016,116.43,113.12,116.81,113.12,1.95K,0.67%
07/29/2016,115.66,117.22,117.22,115.37,2.68K,-1.87%
07/28/2016,117.86,118.86,118.86,116.19,1.95K,1.24%
07/27/2016,116.42,122.89,122.89,115.78,11.22K,-3.82%
07/26/2016,121.05,120.09,121.51,119.68,2.93K,1.13%
07/25/2016,119.7,120.91,120.91,119.68,3.90K,-2.25%
07/22/2016,122.46,122.95,122.95,120.91,6.83K,0.77%
07/21/2016,121.52,119.68,125.82,119.68,21.96K,1.19%
07/20/2016,120.09,120.91,121.31,119.27,3.90K,-0.17%
07/19/2016,120.3,120.5,122.91,120.11,10.25K,-0.84%
07/18/2016,121.32,120.91,123.98,118.9,14.64K,-1.21%
07/15/2016,122.81,126.52,126.52,121.32,77.10K,1.92%
07/14/2016,120.5,114.76,120.5,114.76,100.77K,5.00%
07/13/2016,114.76,116.81,120.86,114.76,13.18K,-0.32%
07/12/2016,115.13,114.8,117.22,114.76,13.66K,-1.44%
07/11/2016,116.81,120.91,120.91,116.81,1.71K,-0.32%
07/04/2016,117.18,115.29,117.22,115.29,3.66K,-3.41%
06/22/2016,121.32,120.91,121.32,120.91,1.22K,-1.61%
06/21/2016,123.31,118.2,124.1,117.01,10.49K,4.33%
06/20/2016,118.19,118.2,118.24,118.08,3.42K,-1.75%
06/15/2016,120.29,122.95,122.95,118.86,3.17K,-0.85%
06/14/2016,121.32,123.77,123.77,121.32,1.95K,0.31%
06/09/2016,120.95,120.95,120.95,120.95,0.49K,-1.31%
06/08/2016,122.55,123.36,123.45,122.55,2.93K,-1.31%
06/07/2016,124.18,126.23,126.23,124.18,1.46K,-0.83%
06/06/2016,125.22,129.51,129.51,125,2.44K,0.18%
06/03/2016,125,125,125,125,0.49K,-0.07%
06/02/2016,125.09,122.96,129.1,122.96,3.42K,0.03%
06/01/2016,125.05,129.51,129.51,125.05,7.81K,-2.83%
05/31/2016,128.69,129.51,129.51,128.69,5.12K,3.14%
05/30/2016,124.77,124.6,127.05,124.59,1.71K,-1.84%
05/26/2016,127.11,131.15,131.97,126.93,9.76K,-4.86%
05/25/2016,133.61,132.38,133.61,132.38,1.46K,0.59%
05/24/2016,132.83,134.43,134.43,131.15,4.64K,-0.76%
05/20/2016,133.85,133.2,134.8,133.2,1.22K,0.55%
05/18/2016,133.12,134.43,134.43,131.15,10.25K,0.03%
05/17/2016,133.08,133.2,136.42,132.38,12.44K,2.43%
05/16/2016,129.92,133.41,133.41,129.92,5.61K,2.89%
05/12/2016,126.27,132.75,132.75,126.27,1.22K,-2.81%
05/11/2016,129.92,127.46,131.68,127.46,2.44K,3.60%
05/10/2016,125.41,127.05,127.05,125.41,1.95K,-2.09%
05/09/2016,128.09,129.12,129.12,127.05,5.12K,0.65%
05/06/2016,127.26,130.54,130.54,127.26,1.71K,0.17%
05/05/2016,127.05,129.08,130.34,125.01,5.37K,-1.59%
05/04/2016,129.1,129.1,129.1,129.1,0.24K,3.95%
05/03/2016,124.19,124.18,124.19,124.18,0.49K,-3.80%
04/28/2016,129.1,129.1,129.1,129.1,0.24K,0.64%
04/27/2016,128.28,128.28,128.28,128.28,0.49K,-0.64%
04/26/2016,129.1,133.61,133.61,129.1,1.71K,0.00%
04/21/2016,129.1,128.69,129.1,128.69,9.76K,0.00%
04/20/2016,129.1,123.37,129.1,129.1,0.98K,0.00%
04/19/2016,129.1,135.25,135.25,125.41,6.10K,-2.17%
04/12/2016,131.97,129.1,131.97,129.1,2.20K,0.00%
04/11/2016,131.97,131.97,131.97,131.97,0.24K,-0.26%
04/08/2016,132.31,134.02,134.02,131.15,1.46K,-3.92%
04/07/2016,137.71,137.71,137.71,137.71,2.68K,0.05%
04/06/2016,137.64,142.32,142.32,137.3,2.93K,1.18%
04/05/2016,136.03,136.03,136.03,136.03,0.24K,0.73%
04/04/2016,135.04,136.07,137.3,131.99,2.68K,-1.04%
04/01/2016,136.46,129.92,136.49,128.08,8.54K,4.98%
03/31/2016,129.99,126.23,129.99,126.23,10.25K,5.00%
03/30/2016,123.8,119.82,123.8,119.8,6.83K,5.00%
03/29/2016,117.91,117.01,119.27,116.83,1.95K,0.94%
03/25/2016,116.81,118.04,124.74,116.81,2.68K,-1.68%
03/24/2016,118.8,113.12,120.09,113.12,7.32K,-0.02%
03/22/2016,118.82,115.17,119.68,115.17,8.05K,3.54%
03/21/2016,114.76,110.68,114.76,110.68,0.73K,1.13%
03/18/2016,113.48,114.76,114.76,113.12,4.64K,-1.82%
03/17/2016,115.58,112.75,118.24,115.58,0.98K,0.71%
03/16/2016,114.76,114.76,114.76,114.76,0.24K,0.00%
03/15/2016,114.76,114.76,114.76,114.76,0.73K,-2.78%
03/14/2016,118.04,118.04,118.04,118.04,0.49K,-0.08%
03/11/2016,118.14,118.86,120.91,118.14,1.46K,0.41%
03/10/2016,117.66,117.71,118.86,116.81,3.42K,-1.42%
03/09/2016,119.35,118.86,119.35,118.86,2.20K,0.41%
03/08/2016,118.86,116.81,120.9,116.81,4.15K,-3.33%
03/07/2016,122.95,122.95,122.95,122.95,0.49K,0.56%
03/04/2016,122.27,120.66,122.81,120.66,0.98K,4.53%
03/03/2016,116.97,114.76,117.22,114.76,1.46K,0.14%
03/02/2016,116.81,114.96,116.81,114.96,2.68K,-3.39%
02/26/2016,120.91,122.95,122.95,120.91,0.49K,-1.63%
02/25/2016,122.91,113.94,122.91,113.94,1.71K,4.82%
02/24/2016,117.26,112.71,112.71,112.71,14.64K,0.00%
02/23/2016,117.26,117.22,117.26,117.22,1.22K,-4.63%
02/22/2016,122.95,122.95,122.95,122.95,0.73K,0.00%
02/18/2016,122.95,122.95,122.95,122.95,0.49K,-1.32%
02/17/2016,124.59,122.98,124.59,122.22,0.98K,-1.94%
02/15/2016,127.05,122.95,129.1,122.95,3.66K,3.33%
02/12/2016,122.95,122.95,123.36,122.95,2.44K,-1.46%
02/11/2016,124.77,125.82,125.82,123.47,5.86K,-0.84%
02/09/2016,125.83,125,126.23,125,1.71K,-2.02%
02/08/2016,128.42,128.08,129.92,128.08,1.46K,-0.93%
02/04/2016,129.63,125,130.33,125,7.08K,-1.61%
02/03/2016,131.75,130.33,133.2,129.92,19.28K,3.15%
02/02/2016,127.73,126.34,131.15,126.34,12.93K,1.06%
02/01/2016,126.39,125.82,129.1,125.01,7.08K,-1.16%
01/29/2016,127.87,127.2,128.28,124.59,4.88K,1.96%
01/28/2016,125.41,119.96,125.82,119.96,1.46K,-0.59%
01/27/2016,126.15,129.92,129.92,125.82,15.62K,-0.71%
01/26/2016,127.05,127.05,127.05,127.05,0.98K,1.62%
01/25/2016,125.03,122.95,125.71,122.95,2.68K,4.43%
01/22/2016,119.73,120.5,120.91,117.42,1.95K,-1.85%
01/21/2016,121.99,122.55,122.95,121.44,5.12K,1.04%
01/20/2016,120.73,122.96,123,120.09,3.42K,-4.10%
01/19/2016,125.89,124.64,127.67,123.82,1.95K,0.06%
01/18/2016,125.82,124.59,125.83,124.59,1.46K,-4.06%
01/15/2016,131.15,137.71,137.77,130.74,8.78K,-0.05%
01/14/2016,131.21,131.56,131.99,131.21,9.03K,-5.00%
01/13/2016,138.12,140.17,140.17,137.3,9.27K,-2.32%
01/12/2016,141.4,137.3,141.4,136.62,7.81K,-1.67%
01/11/2016,143.8,144.06,144.27,143.8,11.71K,-5.00%
01/08/2016,151.37,156.97,164.14,151.37,14.64K,-5.00%
01/07/2016,159.33,156.99,161.48,156.97,5.61K,-0.32%
01/06/2016,159.84,161.07,161.56,159.84,2.68K,-0.49%
01/05/2016,160.63,165.46,165.46,157.79,10.00K,1.94%
01/04/2016,157.58,159.85,161.89,153.02,7.32K,-2.17%
01/01/2016,161.07,159.84,163.94,159.84,1.46K,-1.75%
12/31/2015,163.94,162.3,163.94,162.3,1.46K,0.71%
12/30/2015,162.78,163.94,163.94,160.25,5.12K,-0.13%
12/29/2015,163,160.66,164.76,160.66,3.66K,-1.56%
12/28/2015,165.58,165.58,165.58,165.58,0.98K,0.25%
12/23/2015,165.17,165.99,165.99,163.94,0.73K,-0.83%
12/22/2015,166.56,164.44,167.22,164.44,1.46K,1.77%
12/21/2015,163.67,163.12,163.94,163.12,0.73K,-0.01%
12/18/2015,163.69,165.99,165.99,162.51,4.64K,-2.59%
12/16/2015,168.04,166.81,168.04,166.81,0.49K,1.24%
12/15/2015,165.99,165.99,165.99,165.99,0.49K,3.32%
12/14/2015,160.66,169.88,169.88,160.09,0.98K,-3.25%
12/11/2015,166.05,164.14,166.19,163.94,1.46K,-0.21%
12/10/2015,166.4,163.94,166.4,163.94,1.71K,2.49%
12/07/2015,162.35,163.94,165.17,162.35,1.46K,-0.97%
12/04/2015,163.94,157.79,163.94,157.79,2.44K,4.44%
12/03/2015,156.97,154.92,157.79,154.92,1.46K,0.26%
12/02/2015,156.57,152.46,157.79,152.46,2.44K,0.53%
12/01/2015,155.74,161.89,161.89,153.69,3.42K,-2.06%
11/30/2015,159.02,163.94,163.94,159.02,4.64K,-3.00%
11/27/2015,163.94,165.17,165.17,163.94,0.73K,-0.99%
11/26/2015,165.58,167.83,167.83,165.58,2.20K,-0.74%
11/25/2015,166.81,166.42,167.01,166.42,1.22K,-1.22%
11/24/2015,168.87,168.45,170.09,168.24,4.15K,0.25%
11/23/2015,168.45,166.6,168.45,166.6,1.22K,-1.20%
11/20/2015,170.49,168.04,170.49,168.04,2.20K,1.86%
11/19/2015,167.37,169.72,169.72,167.22,5.86K,-1.60%
11/18/2015,170.09,170.09,170.09,170.09,0.73K,-1.20%
11/17/2015,172.15,172.15,174.56,172.14,1.22K,-0.02%
11/16/2015,172.19,171.42,172.55,170.91,3.90K,-1.68%
11/13/2015,175.14,166.42,175.96,166.42,14.64K,4.51%
11/12/2015,167.59,166.03,168.08,166.01,3.90K,-1.11%
11/11/2015,169.47,168.45,171.71,168.04,4.15K,-0.85%
11/10/2015,170.92,170.11,172.96,168.04,7.81K,-3.12%
11/09/2015,176.42,169.68,176.44,169.68,13.42K,4.99%
11/05/2015,168.04,168.04,168.04,168.04,0.24K,-0.33%
11/04/2015,168.59,165.99,172.13,165.99,6.59K,0.74%
11/03/2015,167.35,168.04,168.14,166.4,9.27K,-0.97%
11/02/2015,168.99,170.09,172.14,168.04,2.93K,-1.83%
10/30/2015,172.14,172.14,172.14,172.14,0.49K,-1.13%
10/29/2015,174.1,172.75,176.24,171.73,4.88K,-0.30%
10/28/2015,174.62,172.14,175.42,172.14,3.42K,0.72%
10/27/2015,173.37,175.01,176.19,173.37,0.98K,-0.64%
10/26/2015,174.49,178.69,178.69,174.19,2.93K,-2.16%
10/22/2015,178.35,175.42,180.33,174.6,2.93K,1.79%
10/21/2015,175.21,178.28,178.28,175.01,3.42K,-2.86%
10/20/2015,180.37,184.43,184.43,177.6,10.25K,-3.52%
10/19/2015,186.95,186.48,187.3,184.02,18.30K,3.46%
10/16/2015,180.7,178.26,181.43,178.26,24.64K,4.58%
10/15/2015,172.79,171.69,172.79,169.86,21.72K,4.99%
10/14/2015,164.57,164.57,164.57,164.57,1.46K,5.00%
10/13/2015,156.73,149.6,156.73,149.6,3.66K,5.00%
10/12/2015,149.27,145.09,151.23,145.09,4.39K,2.59%
10/09/2015,145.5,144.27,145.5,144.27,0.73K,0.85%
10/08/2015,144.27,144.27,146.73,144.27,1.22K,-0.85%
10/07/2015,145.5,145.5,145.5,145.5,0.49K,0.85%
10/06/2015,144.27,146.32,146.32,144.27,0.49K,0.33%
10/05/2015,143.79,141.85,144.06,141.85,1.22K,0.24%
10/02/2015,143.45,143.45,143.45,143.45,0.24K,0.86%
10/01/2015,142.22,142.22,143.45,142.22,1.46K,-0.86%
09/30/2015,143.45,145.5,145.5,143.45,4.15K,-2.75%
09/29/2015,147.51,141.4,147.51,141.4,0.98K,-0.03%
09/28/2015,147.55,149.18,149.18,147.55,0.49K,0.00%
09/22/2015,147.55,145.91,147.55,145.91,0.49K,1.70%
09/21/2015,145.09,143.45,145.5,142.9,2.93K,-3.54%
09/18/2015,150.42,151.64,151.64,149.6,0.73K,-1.47%
09/17/2015,152.67,153.69,153.69,152.67,5.37K,0.95%
09/16/2015,151.23,151.23,151.23,151.23,0.24K,-1.60%
09/15/2015,153.69,153.69,153.69,153.69,0.24K,-0.67%
09/10/2015,154.72,157.79,157.79,151.64,3.17K,-1.95%
09/08/2015,157.79,155.73,157.79,155.73,1.22K,1.52%
09/07/2015,155.43,156.97,156.97,155.35,3.17K,-4.95%
09/03/2015,163.53,163.53,163.53,163.53,0.24K,0.37%
09/01/2015,162.92,163.99,164.35,162.3,5.61K,-0.62%
08/31/2015,163.94,163.94,168.86,163.94,1.71K,1.66%
08/28/2015,161.27,159.02,163.53,152.67,5.12K,3.55%
08/27/2015,155.74,147.55,155.74,147.55,3.42K,1.08%
08/26/2015,154.08,156.57,159.84,153.69,3.42K,-3.60%
08/25/2015,159.84,153.71,159.84,153.71,1.22K,1.67%
08/24/2015,157.21,159.84,159.84,156.53,7.56K,-4.58%
08/21/2015,164.76,162.3,168,162.3,1.71K,-0.76%
08/20/2015,166.02,163.94,168.86,163.94,5.61K,-2.39%
08/19/2015,170.09,168.04,170.09,167.24,1.71K,1.29%
08/18/2015,167.92,168.04,169.67,167.22,10.25K,-0.92%
08/17/2015,169.48,170.09,170.5,169.27,2.20K,-0.60%
08/13/2015,170.5,170.5,170.5,170.5,0.49K,0.24%
08/12/2015,170.09,170.91,170.91,170.09,1.71K,-0.12%
08/11/2015,170.29,170.5,170.5,170.09,0.98K,0.05%
08/10/2015,170.2,170.09,170.5,169.72,1.46K,0.55%
08/07/2015,169.27,169.27,170.09,169.27,0.73K,-0.64%
08/06/2015,170.36,173.78,174.19,170.09,8.30K,-2.19%
08/05/2015,174.17,164.39,174.17,164.39,1.22K,2.03%
08/04/2015,170.71,172.13,172.14,170.09,3.17K,-0.37%
08/03/2015,171.34,170.09,172.96,170.09,3.66K,-0.46%
07/31/2015,172.14,168.45,172.14,168.45,3.42K,-1.18%
07/30/2015,174.19,176.24,176.24,173.77,3.42K,-0.57%
07/29/2015,175.18,181.56,181.56,173.37,10.00K,-0.20%
07/28/2015,175.53,178.28,178.28,175.53,5.37K,0.06%
07/27/2015,175.42,178.28,178.28,172.14,11.71K,-0.70%
07/24/2015,176.65,181.15,177.87,174.24,4.88K,1.02%
07/23/2015,174.86,176.24,177.87,173.37,10.74K,-0.32%
07/22/2015,175.42,174.29,179.1,175.42,10.00K,-1.80%
07/15/2015,178.64,185.25,181.36,178.28,9.27K,-2.87%
07/14/2015,183.92,184.43,184.39,183.92,1.95K,1.30%
07/10/2015,181.56,181.56,181.56,181.56,0.49K,2.86%
07/09/2015,176.51,178.41,180.33,176.24,9.52K,-3.32%
07/08/2015,182.58,178.39,184.43,178.39,3.17K,-0.59%
07/07/2015,183.67,181.15,184.43,181.15,4.88K,0.53%
07/06/2015,182.71,180.33,183.2,180.33,3.42K,1.28%
07/03/2015,180.4,182.38,182.38,180.33,9.03K,-0.15%
07/02/2015,180.67,178.28,181.56,178.28,7.32K,2.48%
07/01/2015,176.29,176.34,178.28,176.24,2.93K,-1.46%
06/30/2015,178.91,176.24,182.84,170.91,43.06K,2.74%
06/29/2015,174.14,168.14,174.19,168.14,16.10K,0.09%
06/26/2015,173.98,170.5,175.42,170.5,14.15K,0.27%
06/25/2015,173.51,172.55,174.19,165.99,13.66K,0.27%
06/24/2015,173.04,173.37,179.92,172.96,19.52K,0.18%
06/23/2015,172.73,171.32,175.83,171.32,7.56K,0.34%
06/22/2015,172.14,174.6,174.6,170.09,5.98K,-1.74%
06/19/2015,175.19,175.87,175.87,175.01,3.42K,-2.85%
06/18/2015,180.33,180.33,181.97,179.99,9.27K,0.18%
06/17/2015,180.01,188.33,188.33,178.28,18.79K,-2.32%
06/16/2015,184.28,188.94,190.58,182.38,13.66K,-2.98%
06/15/2015,189.94,188.53,192.22,187.1,14.76K,1.86%
06/12/2015,186.48,176.65,186.96,176.65,23.30K,4.73%
06/11/2015,178.06,178.28,181.56,177.49,17.08K,-0.24%
06/10/2015,178.49,171.21,179.51,171.21,19.76K,3.75%
06/09/2015,172.04,168.02,173.37,168.02,18.67K,3.16%
06/08/2015,166.77,161.89,170.09,161.89,34.28K,-0.76%
06/05/2015,168.04,168.86,168.86,165.17,13.30K,-0.53%
06/04/2015,168.93,168.45,170.07,168.04,5.12K,0.16%
06/03/2015,168.66,171.32,172.78,164.35,59.41K,2.50%
06/02/2015,164.55,161.5,164.76,161.5,1.71K,0.10%
06/01/2015,164.38,169.27,169.27,162.3,5.37K,-2.12%
05/29/2015,167.94,174.6,178.28,165.64,24.40K,-3.53%
05/28/2015,174.08,178.28,178.28,172.14,12.44K,-2.98%
05/27/2015,179.43,180.33,181.03,178.69,4.39K,-0.89%
05/26/2015,181.05,178.43,183.2,178.43,1.83K,-0.43%
05/25/2015,181.84,182.38,184.83,180.33,1.95K,0.84%
05/22/2015,180.33,179.1,180.33,179.1,0.37K,-0.34%
05/21/2015,180.95,181.15,181.15,180.33,1.34K,-0.78%
05/20/2015,182.38,179.1,182.38,176.24,2.56K,3.24%
05/19/2015,176.65,181.15,181.15,174.23,7.93K,-2.51%
05/18/2015,181.19,184.43,184.43,181.19,0.49K,-0.65%
05/15/2015,182.38,182.39,183.61,181.15,1.83K,-0.74%
05/14/2015,183.74,182.38,184.43,182.38,4.03K,1.88%
05/13/2015,180.35,184.43,184.43,179.56,4.15K,-2.41%
05/12/2015,184.81,184.43,185.35,184.43,0.98K,1.45%
05/11/2015,182.16,182.38,186.07,180.95,5.25K,-2.12%
05/08/2015,186.11,189.35,189.35,185.29,0.49K,-1.00%
05/07/2015,187.99,187.71,189.76,186.53,7.81K,0.72%
05/06/2015,186.65,192.01,192.01,186.07,6.22K,-0.17%
05/05/2015,186.97,193.33,193.85,186.48,5.73K,-3.12%
05/04/2015,192.99,184.43,193.83,184.43,48.55K,4.54%
04/30/2015,184.6,181.15,188.94,180.54,1.83K,0.61%
04/29/2015,183.48,191.4,191.4,182.4,13.54K,-4.25%
04/28/2015,191.63,193.45,194.27,190.58,5.00K,-2.58%
04/27/2015,196.7,204.93,204.93,195.13,13.66K,-4.07%
04/24/2015,205.04,213.12,213.12,204.93,0.61K,-1.52%
04/23/2015,208.2,205.74,208.2,203.7,1.22K,2.51%
04/22/2015,203.11,204.99,204.99,202.88,1.95K,-1.47%
04/21/2015,206.15,210.66,210.66,204.93,2.44K,0.17%
04/20/2015,205.81,212.3,212.3,204.93,1.34K,-0.57%
04/17/2015,207,195.15,212.3,195.15,4.27K,0.77%
04/16/2015,205.42,204.93,206.97,204.93,2.44K,0.03%
04/15/2015,205.36,209.02,209.02,204.93,4.51K,-3.08%
04/14/2015,211.89,209.03,211.89,207.18,3.54K,-1.52%
04/13/2015,215.17,199.6,215.17,199.21,3.90K,3.79%
04/10/2015,207.32,213.12,213.12,206.94,4.39K,-4.82%
04/09/2015,217.82,222.56,222.56,217.22,28.43K,2.76%
04/08/2015,211.97,211.97,211.97,211.97,2.07K,5.00%
04/07/2015,201.88,197.14,201.88,197.14,4.39K,5.00%
04/06/2015,192.27,192.22,192.27,190.17,2.81K,5.00%
04/03/2015,183.12,184.43,184.43,180.74,2.44K,0.73%
04/02/2015,181.79,184.84,185.25,180.38,2.44K,-1.14%
04/01/2015,183.88,194.58,194.58,182.38,4.15K,-3.52%
03/31/2015,190.58,184.43,190.58,184.43,2.68K,3.60%
03/30/2015,183.95,184.84,184.84,183,1.46K,-4.51%
03/27/2015,192.63,185.67,192.63,185.67,0.37K,-1.43%
03/26/2015,195.43,190.58,190.58,190.58,0.12K,0.00%
03/25/2015,195.43,193.86,204.06,193.86,1.10K,-4.15%
03/20/2015,203.9,204.11,204.11,203.7,0.24K,1.65%
03/19/2015,200.6,184.89,200.79,184.89,0.49K,3.19%
03/18/2015,194.39,204.93,204.93,194.39,5.98K,-5.00%
03/17/2015,204.62,196.73,204.72,196.73,1.34K,-0.05%
03/16/2015,204.72,208.61,204.97,204.52,2.44K,-0.11%
03/13/2015,204.95,209.02,209.02,204.93,5.37K,-0.58%
03/12/2015,206.15,206.93,208.2,204.93,0.98K,1.39%
03/11/2015,203.32,200.83,206.97,200.83,4.64K,-2.73%
03/10/2015,209.02,213.12,213.12,209.02,1.83K,-0.84%
03/09/2015,210.8,213.12,213.12,210.25,0.73K,-1.66%
03/06/2015,214.35,215.17,219.27,212.01,4.64K,-3.95%
03/04/2015,223.16,219.27,225.42,211.07,2.68K,2.52%
03/03/2015,217.68,225.38,225.38,215.66,2.32K,-2.99%
03/02/2015,224.39,223.37,225.42,221.32,2.07K,-0.46%
02/27/2015,225.42,225.42,227.47,225.42,2.20K,0.00%
02/26/2015,225.42,215.18,232.67,215.17,6.59K,1.73%
02/25/2015,221.59,222.34,222.55,220.91,1.22K,-0.24%
02/24/2015,222.12,217.22,226.65,213.74,8.42K,-0.92%
02/23/2015,224.19,228.7,229.11,223.37,2.20K,-1.20%
02/20/2015,226.91,229.52,229.52,224.6,3.17K,-1.14%
02/19/2015,229.52,225.42,229.52,225.42,1.59K,0.90%
02/18/2015,227.47,231.98,235.66,227.47,3.42K,-3.46%
02/17/2015,235.62,232.38,235.62,231.57,0.49K,1.04%
02/16/2015,233.2,233.61,233.61,231.57,0.98K,-0.18%
02/13/2015,233.61,234.84,233.61,233.61,0.98K,1.51%
02/12/2015,230.13,233.61,233.61,224.8,7.32K,-2.13%
02/11/2015,235.14,236.07,237.71,232.39,3.42K,0.21%
02/10/2015,234.64,234.43,237.71,229.52,5.98K,-2.80%
02/09/2015,241.4,237.71,241.81,237.71,3.66K,2.37%
02/06/2015,235.81,234.02,236.89,232.8,4.88K,-2.00%
02/04/2015,240.62,250.01,252.47,239.23,11.71K,-4.45%
02/03/2015,251.82,247.96,256.98,246.73,15.01K,-1.69%
02/02/2015,256.16,256.16,256.36,254.32,12.81K,-0.14%
01/30/2015,256.52,252.06,261.89,251.85,12.20K,2.48%
01/29/2015,250.32,246.61,261.89,246.61,22.08K,-3.57%
01/28/2015,259.59,259.59,259.59,259.59,7.81K,-5.00%
01/27/2015,273.25,297.96,297.96,273.25,36.48K,-5.00%
01/26/2015,287.63,287.1,292.59,286.89,4.03K,0.54%
01/23/2015,286.09,284.03,287.71,284.03,3.66K,-0.86%
01/22/2015,288.58,292.14,294.68,287.3,6.10K,-3.04%
01/21/2015,297.64,305.34,305.34,296.32,6.34K,-1.46%
01/20/2015,302.06,304.11,305.34,301.24,2.56K,0.10%
01/19/2015,301.77,301.24,305.34,300.01,11.83K,0.69%
01/16/2015,299.69,295.83,302.06,292.22,25.50K,2.11%
01/15/2015,293.49,287.74,300.01,287.74,17.57K,0.39%
01/14/2015,292.35,293.04,295.09,290.58,8.54K,0.66%
01/13/2015,290.44,293.04,293.04,287.51,12.93K,0.12%
01/12/2015,290.1,289.36,309.44,287.3,88.45K,-2.86%
01/09/2015,298.65,298.65,298.65,298.65,24.40K,-5.00%
01/08/2015,314.37,314.37,314.37,314.37,2.93K,-5.00%
01/07/2015,330.91,330.91,330.91,330.91,0.61K,-5.00%
01/06/2015,348.33,348.33,348.33,348.33,1.71K,-5.00%
01/05/2015,366.66,384.44,384.44,359.52,16.35K,-3.11%
01/02/2015,378.44,381.16,385.26,374.6,8.30K,-0.79%
01/01/2015,381.47,377.06,385.26,373.78,10.37K,2.06%
12/31/2014,373.78,364.77,377.06,356.57,32.08K,4.04%
12/30/2014,359.25,364.77,376.04,352.47,37.21K,-1.72%
12/29/2014,365.53,380.14,380.14,360.67,137.73K,0.96%
12/26/2014,362.04,362.04,362.04,362.04,5.61K,5.00%
12/24/2014,344.8,344.8,344.8,344.8,5.12K,5.00%
12/23/2014,328.38,328.38,328.38,328.38,3.42K,5.00%
12/22/2014,312.74,312.74,312.74,308.67,11.10K,5.00%
12/19/2014,297.85,286.89,302.1,286.89,10.61K,3.52%
12/18/2014,287.71,288.94,290.99,286.89,1.34K,-0.43%
12/17/2014,288.94,296.73,295.91,282.8,3.78K,0.28%
12/16/2014,288.12,303.29,303.29,288.12,9.76K,-5.00%
12/15/2014,303.29,315.58,319.68,303.29,8.66K,-1.73%
12/12/2014,308.63,323.78,325.83,307.36,11.83K,-4.61%
12/11/2014,323.54,335.26,338.13,320.09,9.76K,-3.94%
12/10/2014,336.81,339.77,339.77,326.24,11.10K,3.91%
12/09/2014,324.13,309.44,324.13,309.44,17.57K,5.00%
12/08/2014,308.69,295.91,308.69,295.91,28.30K,5.00%
12/05/2014,294,299.19,299.19,292.63,7.81K,-1.33%
12/04/2014,297.96,306.36,306.36,295.5,11.59K,-0.21%
12/03/2014,298.59,303.29,307.18,295.1,10.13K,-0.06%
12/02/2014,298.78,310.67,309.44,297.14,6.71K,-1.75%
12/01/2014,304.11,307.39,307.39,304.11,0.37K,1.66%
11/28/2014,299.15,297.55,302.06,297.55,5.61K,-0.89%
11/27/2014,301.85,306.98,314.76,298.37,7.08K,-0.21%
11/26/2014,302.49,290.58,309.02,290.58,14.88K,-0.17%
11/25/2014,303,311.9,311.9,301.88,15.86K,-4.65%
11/24/2014,317.77,329.43,329.43,307.39,37.09K,1.28%
11/21/2014,313.75,307.39,313.75,307.39,13.30K,5.00%
11/20/2014,298.81,286.89,298.81,280.75,30.86K,5.00%
11/19/2014,284.58,280.75,284.58,262.71,32.69K,5.00%
11/18/2014,271.03,264.35,271.12,264.35,28.55K,4.96%
11/17/2014,258.21,249.59,258.21,249.19,13.91K,5.00%
11/14/2014,245.91,245.91,245.91,243.04,8.54K,0.42%
11/13/2014,244.89,241.81,247.55,241.81,11.35K,0.13%
11/12/2014,244.58,241.81,245.48,239.8,3.17K,1.15%
11/11/2014,241.81,243.86,245.09,241.81,3.78K,-0.84%
11/10/2014,243.86,246.32,247.55,243.86,3.05K,0.12%
11/07/2014,243.57,243.86,244.27,242.22,1.22K,-0.95%
11/06/2014,245.91,248.36,250.01,243.86,2.44K,-0.66%
11/05/2014,247.55,243.45,248.78,243.45,4.76K,1.68%
10/31/2014,243.45,245.09,245.09,241.81,4.76K,-0.73%
10/30/2014,245.25,241.81,245.3,241.81,4.64K,2.29%
10/29/2014,239.76,239.76,245.91,239.76,1.59K,-1.16%
10/28/2014,242.58,245.5,247.96,241.81,1.46K,0.32%
10/27/2014,241.81,235.66,249.6,241.81,10.37K,-0.84%
10/24/2014,243.86,245.91,245.91,243.86,0.73K,0.34%
10/23/2014,243.04,243.04,243.04,241.81,2.93K,2.07%
10/22/2014,238.12,247.96,252.06,238.12,3.29K,-3.17%
10/21/2014,245.91,247.96,251.24,245.91,3.66K,-0.19%
10/20/2014,246.37,246.73,246.73,246.05,0.73K,0.15%
10/17/2014,246.01,257.8,257.8,245.91,1.95K,0.04%
10/16/2014,245.91,247.96,252.06,245.91,1.46K,-1.64%
10/15/2014,250.01,254.09,254.09,250.01,1.71K,-1.35%
10/14/2014,253.42,252.06,254.11,252.06,2.44K,1.36%
10/13/2014,250.01,235.66,255.75,250.01,3.54K,1.67%
10/09/2014,245.91,242.02,245.91,242.02,0.85K,-1.64%
10/03/2014,250.01,250.01,252.06,247.96,0.37K,0.53%
10/02/2014,248.68,253.29,253.29,248.37,1.59K,-0.53%
10/01/2014,250.01,250.01,250.01,249.19,2.93K,1.14%
09/30/2014,247.2,245.83,249.19,245.83,1.10K,2.23%
09/29/2014,241.81,250.01,252.24,241.81,1.71K,0.66%
09/26/2014,240.23,236.06,241.85,236.03,12.08K,4.29%
09/25/2014,230.34,231.57,233.61,227.47,5.00K,-2.26%
09/24/2014,235.66,235.67,236.48,235.66,1.10K,0.00%
09/23/2014,235.66,235.05,237.71,235.05,2.93K,2.13%
09/22/2014,230.75,230.75,230.75,230.75,0.12K,-0.26%
09/19/2014,231.36,233.61,233.61,231.36,0.98K,-0.88%
09/18/2014,233.41,231.57,233.61,231.57,3.78K,-0.09%
09/17/2014,233.61,228.29,233.61,228.29,1.71K,0.88%
09/16/2014,231.57,216.4,232.02,216.4,4.15K,1.80%
09/15/2014,227.47,225.42,231.16,223.37,3.90K,0.26%
09/12/2014,226.88,234.43,237.71,223.78,8.66K,-3.06%
09/11/2014,234.04,237.71,241.81,227.77,2.20K,-2.39%
09/10/2014,239.76,239.76,239.76,239.76,0.61K,2.63%
09/09/2014,233.61,234.02,239.76,233.61,2.93K,0.00%
09/08/2014,233.61,233.61,233.61,233.61,0.24K,-0.35%
09/05/2014,234.43,231.98,234.43,231.57,0.98K,2.09%
09/04/2014,229.62,229.52,229.62,229.52,0.24K,-0.09%
09/03/2014,229.82,225.42,233.61,225.42,2.56K,1.95%
09/02/2014,225.42,225.42,225.42,225.42,2.44K,2.04%
09/01/2014,220.91,219.27,220.91,219.27,0.37K,-1.82%
08/29/2014,225.01,225.42,225.42,218.04,4.76K,2.62%
08/28/2014,219.27,209.43,219.27,209.43,0.61K,-0.28%
08/27/2014,219.88,213.16,219.88,205.33,1.46K,3.15%
08/26/2014,213.16,213.16,224.97,213.16,0.24K,-4.75%
08/25/2014,223.78,231.57,230.93,223.78,1.59K,-0.18%
08/22/2014,224.19,225.46,225.46,222.96,1.83K,-4.37%
08/21/2014,234.43,237.71,237.71,234.43,0.37K,1.27%
08/15/2014,231.5,229.52,234.02,229.52,4.27K,-2.44%
08/13/2014,237.3,237.3,237.51,233.61,4.88K,1.76%
08/12/2014,233.2,225.62,234.02,225.62,4.51K,-1.79%
08/11/2014,237.45,237.45,237.45,237.45,0.73K,-5.00%
08/08/2014,249.95,248.68,251.96,248.68,1.10K,-1.64%
08/07/2014,254.11,258,258.21,254.11,5.12K,0.56%
08/06/2014,252.69,259.84,252.71,250.83,2.20K,-2.14%
08/05/2014,258.21,260.25,260.25,250.21,0.98K,1.61%
08/04/2014,254.11,253.08,270.09,253.08,2.81K,-4.61%
07/24/2014,266.4,262.3,266.4,262.3,0.98K,-0.02%
07/23/2014,266.46,270.5,270.5,270.5,0.24K,0.00%
07/22/2014,266.46,270.5,270.5,266.4,1.83K,-2.96%
07/18/2014,274.6,285.87,276.65,272.96,8.54K,0.75%
07/15/2014,272.55,274.6,275.82,272.55,2.07K,1.37%
07/14/2014,268.86,268.86,268.86,268.86,0.12K,-2.09%
07/11/2014,274.6,274.6,274.6,274.6,0.12K,1.44%
07/10/2014,270.71,282.8,270.71,270.71,0.37K,-1.42%
07/08/2014,274.6,274.6,274.6,274.6,0.24K,-2.19%
07/07/2014,280.75,280.75,282.39,280.75,0.85K,0.44%
07/04/2014,279.52,270.51,282.38,279.52,0.49K,-0.44%
07/03/2014,280.75,286.28,268.46,268.46,0.24K,0.00%
07/02/2014,280.75,270.5,282.8,270.5,1.95K,0.34%
07/01/2014,279.79,272.55,280.34,272.55,0.61K,3.43%
06/30/2014,270.5,267.63,270.51,267.63,0.49K,-2.94%
06/26/2014,278.7,274.6,278.7,274.6,0.73K,1.98%
06/24/2014,273.28,253.29,274.6,253.29,1.71K,4.32%
06/23/2014,261.97,274.19,274.19,261.07,1.83K,-3.30%
06/20/2014,270.91,268.45,273.37,268.45,0.49K,0.92%
06/19/2014,268.45,270.5,270.52,268.45,1.10K,-2.36%
06/18/2014,274.95,271.32,275.42,270.5,3.05K,-1.78%
06/17/2014,279.92,272.55,279.92,269.07,5.86K,0.44%
06/13/2014,278.7,278.7,278.7,278.7,0.24K,0.00%
06/12/2014,278.7,274.6,283.82,272.59,3.42K,-0.95%
06/11/2014,281.36,276.65,281.97,276.65,0.73K,3.04%
06/10/2014,273.06,274.6,282.39,272.55,8.66K,-1.73%
06/09/2014,277.86,288.94,288.94,277.47,10.13K,-1.18%
06/06/2014,281.17,284.95,288.94,273.19,6.59K,-2.22%
06/05/2014,287.56,282.8,289.76,278.7,10.49K,0.59%
06/04/2014,285.87,286.08,286.89,280.75,3.54K,1.12%
06/03/2014,282.69,296.73,296.73,272.14,2.93K,-1.21%
06/02/2014,286.15,277.06,286.49,276.65,3.29K,-0.05%
05/30/2014,286.28,267.63,286.49,267.63,3.29K,4.33%
05/29/2014,274.4,276.69,278.25,271.39,5.86K,-3.95%
05/28/2014,285.67,295.09,299.4,283.77,9.88K,-4.36%
05/27/2014,298.7,297.15,299.19,290.99,3.54K,-1.21%
05/26/2014,302.36,297.35,309.35,297.35,11.59K,2.57%
05/23/2014,294.78,280.75,294.78,280.75,12.20K,5.00%
05/22/2014,280.75,280.75,280.75,280.75,0.49K,1.03%
05/21/2014,277.88,279.11,279.11,276.65,0.98K,-1.13%
05/20/2014,281.05,279.93,283.21,278.7,1.34K,-0.91%
05/19/2014,283.62,278.7,283.62,278.7,2.68K,0.85%
05/16/2014,281.24,281.16,283,281.16,0.85K,-0.06%
05/15/2014,281.42,288.94,290.58,280.75,4.88K,-0.49%
05/14/2014,282.8,286.49,282.8,280.75,0.85K,0.00%
05/13/2014,282.8,282.8,286.89,282.8,2.44K,0.00%
05/12/2014,282.8,282.79,293.86,280.95,1.10K,0.00%
05/09/2014,282.8,282.8,282.8,282.8,0.24K,-0.04%
05/08/2014,282.9,284.85,286.89,282.35,3.29K,3.02%
05/07/2014,274.6,274.6,274.6,274.6,0.12K,3.06%
05/06/2014,266.44,274.6,274.6,266.44,0.24K,-2.97%
05/05/2014,274.6,274.7,282.39,274.6,0.61K,-4.28%
05/02/2014,286.89,286.08,293.71,282.8,6.10K,2.56%
04/30/2014,279.72,278.29,284.03,268.68,5.00K,3.41%
04/29/2014,270.5,268.45,270.5,268.27,1.59K,-4.21%
04/25/2014,282.39,282.39,282.39,282.39,2.56K,3.75%
04/24/2014,272.19,266.4,272.55,263.94,2.93K,4.37%
04/23/2014,260.8,260.25,264.35,258.21,0.49K,-1.11%
04/22/2014,263.74,261.07,266.4,261.07,0.12K,-2.50%
04/21/2014,270.5,270.5,270.5,270.5,0.49K,0.51%
04/18/2014,269.12,268.66,270.5,268.66,2.07K,-1.41%
04/17/2014,272.96,281.57,281.57,281.57,0.12K,0.00%
04/16/2014,272.96,270.5,273.37,270.5,1.10K,0.91%
04/15/2014,270.5,270.51,275.42,270.5,1.59K,-1.49%
04/14/2014,274.6,270.5,275.42,270.5,1.71K,-0.74%
04/11/2014,276.65,278.7,278.7,276.65,0.73K,-1.48%
04/10/2014,280.81,276.65,284.85,276.24,2.56K,1.20%
04/09/2014,277.47,284.85,284.85,277.47,0.61K,0.00%
04/08/2014,277.47,276.69,278.7,276.65,1.71K,0.11%
04/07/2014,277.17,277.17,277.17,277.17,0.24K,-4.41%
04/03/2014,289.97,289.97,289.97,284.84,0.37K,1.51%
04/02/2014,285.67,276.06,294.27,276.06,4.03K,-1.69%
04/01/2014,290.58,294.27,294.27,288.94,1.95K,0.57%
03/31/2014,288.94,288.94,288.94,288.94,0.61K,2.82%
03/28/2014,281.01,272.14,284.67,272.14,2.44K,3.65%
03/27/2014,271.12,270.5,271.12,268.45,2.44K,5.00%
03/25/2014,258.21,252.26,258.21,252.26,0.61K,2.86%
03/24/2014,251.04,248.47,252.47,248.47,1.95K,-1.60%
03/21/2014,255.13,250.42,256.16,247.55,2.07K,-2.05%
03/20/2014,260.46,263.53,263.53,260.3,1.46K,-2.23%
03/19/2014,266.4,258.62,266.4,258.62,0.98K,0.00%
03/18/2014,266.4,266.4,266.4,266.4,0.12K,-2.11%
03/17/2014,272.14,260.34,272.55,260.3,1.22K,2.73%
03/14/2014,264.9,264.35,270.5,263.12,2.32K,-3.47%
03/13/2014,274.42,274.64,274.64,274.19,0.24K,-3.94%
03/12/2014,285.67,290.4,290.4,272.55,3.54K,3.29%
03/11/2014,276.57,276.57,276.57,275.78,2.07K,5.00%
03/10/2014,263.4,266.81,266.81,261.07,2.44K,-4.09%
03/07/2014,274.62,284.85,284.85,274.6,0.73K,-4.05%
03/06/2014,286.21,288.94,288.94,281.98,0.49K,-0.13%
03/05/2014,286.57,286.89,286.89,286.49,1.34K,3.25%
03/03/2014,277.55,277.47,277.55,277.47,0.85K,5.00%
02/28/2014,264.34,263.9,264.34,263.9,1.95K,5.00%
02/27/2014,251.75,251.24,251.75,245.91,1.71K,5.00%
02/26/2014,239.76,239.76,239.76,239.76,0.37K,0.00%
02/25/2014,239.76,236.89,239.76,236.89,1.46K,0.06%
02/24/2014,239.62,233.61,240.17,232.43,0.73K,3.48%
02/21/2014,231.57,232.38,238.49,231.57,0.98K,0.89%
02/20/2014,229.52,237.71,241.81,226.61,3.29K,-3.78%
02/19/2014,238.53,238.53,238.53,238.53,0.24K,-0.88%
02/18/2014,240.64,242.22,242.22,240.64,1.46K,-5.00%
02/17/2014,253.3,253.29,253.7,253.29,3.54K,-4.92%
02/14/2014,266.4,266.4,266.4,266.4,0.12K,-0.75%
02/13/2014,268.41,268.41,268.41,268.41,0.12K,0.42%
02/12/2014,267.28,270.5,270.5,262.3,1.10K,3.27%
02/11/2014,258.82,259.44,262.3,254.93,1.59K,-0.29%
02/10/2014,259.57,260.28,262.3,259.57,4.51K,-5.00%
02/07/2014,273.23,290.58,290.58,270.5,0.73K,-3.89%
02/06/2014,284.28,297.96,299.19,284.23,7.44K,-4.98%
02/04/2014,299.19,292.63,307.39,292.22,3.66K,-2.67%
02/03/2014,307.39,284.96,311.49,284.96,6.22K,2.48%
01/31/2014,299.96,299.96,299.96,299.96,1.10K,-5.00%
01/30/2014,315.74,315.74,315.74,315.74,0.85K,-5.00%
01/29/2014,332.36,340.18,340.18,332.36,1.59K,-5.00%
01/28/2014,349.85,350.42,358.62,349.85,2.81K,-4.98%
01/27/2014,368.18,375.83,388.54,366.82,5.61K,-1.93%
01/24/2014,375.42,375.73,375.73,364.77,5.61K,4.91%
01/23/2014,357.84,357.84,357.84,348.78,1.71K,5.00%
01/22/2014,340.81,331.98,340.81,331.98,6.10K,4.21%
01/21/2014,327.04,331.16,331.16,316.9,9.15K,0.92%
01/20/2014,324.06,330.83,332.8,302.52,30.80K,1.76%
01/17/2014,318.44,318.45,318.45,317.06,28.82K,5.00%
01/16/2014,303.29,301.65,303.29,301.65,7.17K,5.00%
01/15/2014,288.85,288.85,288.85,275.09,15.25K,5.00%
01/13/2014,275.09,275.09,275.09,273.78,38.73K,5.00%
01/10/2014,261.99,249.52,261.99,249.52,17.38K,5.00%
01/09/2014,249.52,253.22,253.22,249.52,26.84K,3.47%
01/08/2014,241.16,227.93,241.16,227.93,8.08K,5.00%
01/07/2014,229.68,231.81,231.16,228.86,3.66K,-0.90%
01/06/2014,231.77,229.55,237.06,229.55,8.54K,-2.57%
01/03/2014,237.88,248.53,248.53,237.71,19.21K,-3.32%
01/02/2014,246.05,252.14,252.87,244.27,63.29K,2.17%
01/01/2014,240.83,240.83,240.83,236.07,7.17K,5.00%
12/31/2013,229.36,229.36,229.36,229.36,2.44K,5.00%
12/30/2013,218.44,214.76,218.44,215.09,2.74K,5.00%
12/27/2013,208.04,196.73,210.01,196.73,4.57K,4.01%
12/26/2013,200.01,192.5,202.96,192.5,1.83K,-1.29%
12/24/2013,202.63,202.63,202.63,202.63,0.30K,0.08%
12/23/2013,202.47,213.12,213.12,202.47,1.83K,-5.00%
12/20/2013,213.12,213.12,213.12,213.12,0.61K,-3.71%
12/18/2013,221.32,222.96,224.6,221.32,1.52K,-0.74%
12/17/2013,222.96,227.19,227.19,222.96,0.61K,1.49%
12/12/2013,219.68,213.12,219.68,213.12,1.52K,1.61%
12/11/2013,216.2,219.68,219.68,213.12,2.44K,-0.24%
12/10/2013,216.73,221.32,221.32,215.78,1.83K,-3.50%
12/09/2013,224.6,219.68,229.25,219.68,12.20K,2.87%
12/06/2013,218.34,213.12,218.34,213.12,16.47K,5.00%
12/05/2013,207.94,200.33,207.94,200.33,25.01K,5.00%
12/04/2013,198.04,199.68,199.68,198.04,0.91K,2.41%
12/03/2013,193.38,186.89,197.38,186.89,4.57K,0.02%
12/02/2013,193.34,195.09,195.09,187.55,2.74K,-1.87%
11/29/2013,197.02,196.73,201.65,196.73,5.79K,0.04%
11/28/2013,196.95,193.45,200.37,193.45,27.14K,3.21%
11/27/2013,190.83,190.33,193.45,190.33,7.32K,0.95%
11/26/2013,189.03,188.53,189.26,178.69,20.74K,4.87%
11/25/2013,180.25,175.42,182.44,175.42,29.89K,3.74%
11/22/2013,173.75,167.22,175.58,167.22,12.20K,3.91%
11/21/2013,167.22,167.22,167.22,166.56,4.27K,1.38%
11/20/2013,164.95,168.85,170.81,163.28,25.92K,1.40%
11/19/2013,162.67,163.61,163.61,162.3,2.13K,-0.77%
11/18/2013,163.94,174.76,174.76,163.94,13.11K,-1.63%
11/13/2013,166.65,168.53,168.53,165.58,3.05K,3.73%
11/12/2013,160.66,164.27,167.22,160.66,1.83K,-1.05%
11/11/2013,162.37,162.34,162.37,162.34,2.13K,5.00%
11/08/2013,154.64,147.55,154.92,147.55,4.88K,4.81%
11/06/2013,147.55,147.55,147.55,147.55,5.49K,2.27%
11/05/2013,144.27,144.92,144.92,144.92,0.30K,0.00%
11/04/2013,144.27,144.27,144.27,144.27,0.30K,-4.55%
11/01/2013,151.15,161.02,161.22,151.15,3.05K,-1.56%
10/31/2013,153.54,152.46,155.71,152.46,1.83K,2.54%
10/30/2013,149.73,150.5,150.5,148.21,0.91K,3.55%
10/29/2013,144.6,144.6,144.6,144.6,0.30K,-4.12%
10/28/2013,150.82,150.82,150.82,150.82,0.30K,1.21%
10/25/2013,149.02,154.1,154.1,147.55,10.98K,-1.19%
10/07/2013,150.82,150.82,150.82,150.82,0.30K,-2.13%
10/04/2013,154.1,154.1,154.1,151.48,1.22K,-1.25%
10/03/2013,156.05,160.66,160.66,156.05,1.83K,-5.00%
10/02/2013,164.27,168.85,168.86,164.27,3.66K,0.19%
09/24/2013,163.96,163.96,165.58,163.96,1.22K,-3.65%
09/20/2013,170.17,167.22,170.5,165.91,1.52K,0.78%
09/11/2013,168.86,167.22,168.86,167.22,3.05K,3.00%
09/05/2013,163.94,163.94,163.94,163.94,0.61K,0.00%
09/04/2013,163.94,163.94,163.94,163.94,0.91K,-0.40%
08/30/2013,164.6,164.6,164.6,164.6,0.61K,-2.52%
08/29/2013,168.86,168.86,168.86,168.86,0.30K,-4.63%
08/28/2013,177.06,177.06,177.06,177.06,0.30K,-1.81%
08/22/2013,180.33,177.63,177.63,177.63,0.61K,0.00%
08/21/2013,180.33,180.33,180.33,180.33,0.30K,-1.79%
08/20/2013,183.61,178.69,183.61,178.69,2.44K,2.75%
08/19/2013,178.69,178.69,178.69,178.69,1.52K,3.81%
08/12/2013,172.14,172.14,176.97,172.14,0.61K,-0.47%
08/06/2013,172.96,176.14,176.14,172.14,2.74K,0.16%
08/05/2013,172.69,172.69,172.69,172.69,0.30K,-1.00%
08/01/2013,174.43,178.72,178.72,174.43,0.91K,-0.56%
07/30/2013,175.42,175.42,175.42,175.42,1.83K,0.94%
07/29/2013,173.78,173.78,177.06,173.78,8.54K,0.38%
07/26/2013,173.12,177.06,177.06,173.12,3.05K,-2.34%
07/25/2013,177.26,167.22,177.28,165.58,17.69K,4.99%
07/24/2013,168.84,164.27,168.84,164.27,1.83K,2.99%
07/23/2013,163.94,163.94,163.94,162.3,0.91K,-2.88%
07/22/2013,168.81,160.66,160.66,160.66,0.30K,0.00%
07/19/2013,168.81,170.45,170.17,167.55,3.05K,1.95%
07/18/2013,165.58,165.58,165.58,165.58,1.83K,-0.92%
07/17/2013,167.11,167.11,167.11,167.11,0.30K,-1.50%
07/16/2013,169.65,169.65,169.65,169.65,0.30K,-1.00%
07/12/2013,171.37,171.37,171.37,171.37,0.30K,1.49%
07/11/2013,168.86,168.86,168.86,168.86,1.52K,0.59%
07/09/2013,167.87,168.01,168.01,167.87,1.22K,0.82%
07/08/2013,166.5,163.94,168.2,163.94,2.44K,3.11%
07/05/2013,161.48,161.48,161.48,161.48,0.30K,-4.37%
07/03/2013,168.86,168.86,168.86,168.86,0.30K,0.78%
07/02/2013,167.55,170.17,172.12,167.55,1.52K,-1.54%
07/01/2013,170.17,170.17,170.17,170.17,0.30K,3.80%
06/28/2013,163.94,163.94,163.94,163.94,42.09K,4.17%
06/26/2013,157.38,163.94,163.94,163.94,0.30K,0.00%
06/25/2013,157.38,163.94,163.94,157.38,1.83K,-3.23%
06/24/2013,162.63,169.84,170.5,162.63,5.79K,-4.73%
06/21/2013,170.71,162.33,172.14,159.02,8.84K,2.09%
06/20/2013,167.22,167.2,167.38,165.58,3.66K,0.99%
06/19/2013,165.58,165.58,166.56,165.25,1.83K,1.80%
06/18/2013,162.66,163.94,168.86,160.42,9.45K,-3.67%
06/17/2013,168.86,173.78,174.1,168.86,11.28K,-5.00%
06/14/2013,177.74,183.94,183.94,177.71,5.49K,-4.31%
06/13/2013,185.74,188.33,188.33,185.25,10.06K,3.55%
06/12/2013,179.37,179.37,179.37,178.66,1.83K,5.00%
06/11/2013,170.83,163.94,171.08,163.94,13.42K,4.84%
06/10/2013,162.94,154.1,162.94,154.1,11.28K,5.00%
06/07/2013,155.18,159.48,161.64,154.76,5.18K,-3.67%
06/06/2013,161.09,160.66,162.3,158.04,6.40K,0.27%
06/05/2013,160.66,157.38,160.66,156.07,8.54K,2.08%
06/04/2013,157.38,161.05,161.05,154.27,8.54K,2.13%
06/03/2013,154.1,160.66,162.96,154.1,12.81K,-0.91%
05/31/2013,155.52,149.19,156.59,142.63,22.87K,4.28%
05/30/2013,149.13,149.02,149.13,147.22,34.16K,5.00%
05/29/2013,142.03,136.15,142.03,135.41,7.62K,5.00%
05/28/2013,135.27,132.79,135.74,131.64,11.59K,2.77%
05/27/2013,131.63,131.48,132.79,126.23,8.54K,-0.51%
05/24/2013,132.3,131.15,135.91,131.15,21.65K,1.08%
05/23/2013,130.89,129.51,132.14,129.18,11.59K,1.10%
05/22/2013,129.47,126.23,129.51,125.25,7.62K,2.03%
05/21/2013,126.89,126.23,126.89,126.23,0.91K,0.52%
05/20/2013,126.23,124.59,126.23,124.59,0.61K,0.25%
05/16/2013,125.91,122.95,125.91,122.95,1.22K,2.41%
05/15/2013,122.95,121.32,125.25,121.32,3.35K,-2.18%
05/14/2013,125.69,126.32,130.33,125.16,11.89K,-4.60%
05/13/2013,131.75,137.71,137.71,131.03,7.01K,-4.48%
05/10/2013,137.93,139.87,141.35,136.73,7.01K,-3.96%
05/09/2013,143.61,142.63,143.61,142.04,3.35K,-0.30%
05/08/2013,144.04,153.92,153.92,139.35,34.77K,-1.75%
05/07/2013,146.6,146.6,146.6,146.6,0.91K,5.01%
05/06/2013,139.61,139.61,139.61,139.61,4.57K,4.99%
05/03/2013,132.97,132.97,132.97,127.91,40.87K,5.00%
05/02/2013,126.64,126.64,126.64,126.64,8.23K,5.00%
04/30/2013,120.61,114.1,120.61,110.82,12.81K,5.00%
04/29/2013,114.87,114.1,116.4,114.1,3.66K,-2.69%
04/26/2013,118.04,118.04,118.04,117.05,0.61K,-2.44%
04/24/2013,120.99,122.63,122.63,120.99,1.22K,2.50%
04/23/2013,118.04,117.06,121.32,117.06,1.83K,-3.74%
04/22/2013,122.63,122.63,122.63,122.63,0.30K,1.08%
04/19/2013,121.32,125.25,125.25,121.32,9.45K,1.02%
04/18/2013,120.1,114.76,120.95,114.76,3.35K,4.19%
04/17/2013,115.27,113.12,115.73,113.12,1.83K,2.76%
04/16/2013,112.17,112.15,117.22,112.15,10.37K,-4.98%
04/15/2013,118.05,119.35,121.32,118.05,6.40K,-5.01%
04/12/2013,124.27,119.93,126.53,119.93,7.93K,-1.55%
04/11/2013,126.23,127.87,127.87,126.23,2.74K,-1.50%
04/10/2013,128.15,127.21,131.48,127.21,21.35K,1.70%
04/09/2013,126.01,132.68,132.68,122.97,46.36K,-0.28%
04/08/2013,126.36,126.2,126.36,121,11.89K,4.99%
04/05/2013,120.35,119.35,120.35,116.4,45.44K,5.00%
04/04/2013,114.62,111.61,114.62,106.63,144.87K,5.00%
04/03/2013,109.16,108.17,110.17,107.71,50.63K,4.04%
04/02/2013,104.92,110.17,109.51,104.92,2.13K,-1.84%
04/01/2013,106.89,108.2,108.2,106.89,1.52K,0.62%
03/29/2013,106.23,106.89,106.89,106.23,0.91K,1.00%
03/27/2013,105.18,104.59,108.2,103.51,10.67K,1.36%
03/26/2013,103.77,98.36,104.27,98.36,0.91K,3.77%
03/25/2013,100,101.97,101.97,100,0.91K,-2.40%
03/22/2013,102.46,99.18,103.28,99.18,3.35K,4.17%
03/20/2013,98.36,102.95,102.95,102.95,0.91K,0.00%
03/14/2013,98.36,95.76,95.76,95.76,2.44K,0.00%
03/13/2013,98.36,98.36,98.36,98.36,5.49K,0.00%
03/12/2013,98.36,98.41,98.53,98.36,0.91K,0.00%
03/11/2013,98.36,95.09,100,95.09,6.40K,-0.56%
03/07/2013,98.91,102.3,101.63,97.06,8.54K,0.39%
03/06/2013,98.53,99.02,99.02,98.36,5.18K,-1.47%
03/05/2013,100,100.33,100.33,100,0.91K,-2.87%
03/01/2013,102.95,106.56,106.56,102.95,0.91K,-3.95%
02/28/2013,107.18,109.17,109.17,109.17,0.30K,0.00%
02/27/2013,107.18,99.38,107.22,99.38,3.96K,4.27%
02/26/2013,102.79,102.79,102.79,102.79,0.30K,4.14%
02/25/2013,98.7,97.38,100.99,98.36,3.96K,-2.59%
02/22/2013,101.32,102.3,104.92,101.32,7.32K,-4.92%
02/21/2013,106.56,106.56,106.56,106.56,0.61K,1.52%
02/20/2013,104.96,104.92,104.96,104.92,0.61K,0.04%
02/19/2013,104.92,104.92,105.58,104.92,1.22K,0.00%
02/15/2013,104.92,104.92,104.92,104.92,0.61K,-3.62%
02/14/2013,108.86,108.86,108.86,108.86,0.30K,0.01%
02/13/2013,108.85,111.15,111.15,105.58,4.57K,-0.16%
02/12/2013,109.02,111.48,118.04,109.02,7.93K,-5.00%
02/11/2013,114.76,118.04,118.36,113.12,8.84K,-3.04%
02/08/2013,118.36,118.53,118.53,118.36,1.22K,0.27%
02/07/2013,118.04,118.04,119.35,113.45,10.37K,2.92%
02/06/2013,114.69,114.69,114.69,114.69,0.61K,2.58%
02/04/2013,111.81,110.25,114.73,110.25,0.91K,1.79%
01/31/2013,109.84,109.84,109.84,109.84,0.30K,0.30%
01/30/2013,109.51,109.51,109.51,109.51,0.61K,4.05%
01/29/2013,105.25,108.04,108.2,105.25,2.74K,-3.46%
01/28/2013,109.02,110.17,110.99,109.02,5.18K,-5.00%
01/24/2013,114.76,114.43,114.76,111.48,2.74K,2.41%
01/23/2013,112.06,112.06,112.06,111.48,3.66K,5.00%
01/22/2013,106.72,106.54,106.72,106.54,1.52K,3.00%
01/21/2013,103.61,102.3,103.61,102.3,8.77K,3.94%
01/18/2013,99.68,99.68,99.68,99.68,0.38K,-0.97%
01/17/2013,100.66,100.72,100.66,100.2,1.52K,1.52%
01/16/2013,99.15,98.1,99.15,98.1,0.76K,0.76%
01/15/2013,98.4,100.99,101.25,97.12,2.29K,-0.50%
01/11/2013,98.89,99.68,100.2,98.36,10.29K,2.17%
01/10/2013,96.79,94.95,99.68,94.95,2.67K,-0.81%
01/09/2013,97.58,98.36,99.15,97.58,1.14K,0.55%
01/08/2013,97.05,95.74,97.05,95.87,5.72K,1.37%
01/07/2013,95.74,97.05,97.05,94.69,2.67K,-2.39%
01/04/2013,98.08,99.68,98.36,96.27,6.10K,2.44%
01/03/2013,95.74,94.43,95.77,93.9,8.77K,4.97%
01/02/2013,91.21,94.4,94.43,91.17,14.49K,-4.96%
01/01/2013,95.97,99.65,99.41,95.97,9.91K,-5.00%
